Link,bus0,bus1,carrier,p_nom_extendable,bus4,bus3,bus2
relation/10377412-320-DC,FR,GB,DC,True,,,
relation/13295785-515-DC,NO,GB,DC,True,,,
relation/14126301-450-DC,GB,NL,DC,True,,,
relation/15772117-320-DC,GB,FR,DC,True,,,
relation/15781671-525-DC,GB,DK,DC,True,,,
relation/16213216-525-DC,DE,NO,DC,True,,,
relation/2127794-270-DC,GB,FR,DC,True,,,
relation/2505320-400-DC,DK,DE,DC,True,,,
relation/3391794-200-DC,IT,FR,DC,True,,,
relation/3391931-350-DC,DK,NO,DC,True,,,
relation/3391954-500-DC,FI,SE,DC,True,,,
relation/3392010-450-DC,PL,SE,DC,True,,,
relation/3918230-450-DC,DE,SE,DC,True,,,
relation/6886400-450-DC,EE,FI,DC,True,,,
relation/8184629-300-DC,DK,SE,DC,True,,,
relation/8184630-150-DC,EE,FI,DC,True,,,
relation/8184631-400-DC,SE,FI,DC,True,,,
relation/8184632-500-DC,DK,NO,DC,True,,,
relation/8184641-200-DC,GB,IE,DC,True,,,
relation/8185420-320-DC,DK,NL,DC,True,,,
relation/8185455-300-DC,LT,SE,DC,True,,,
relation/8185487-400-DC,GB,BE,DC,True,,,
relation/8185664-400-DC,IT,GR,DC,True,,,
relation/8185767-500-DC,IT,ME,DC,True,,,
relation/8193755-320-DC,BE,DE,DC,True,,,
relation/9934065-320-DC,FR,ES,DC,True,,,
relation/9934066-320-DC,FR,ES,DC,True,,,
relation/9965201-450-DC,NL,NO,DC,True,,,
relation/9982798-200-DC,FR,IT,DC,True,,,
TYNDP2020_6,IT,ME,DC,True,,,
TYNDP2020_17,IE,FR,DC,True,,,
TYNDP2020_29,IT,FR,DC,True,,,
TYNDP2020_30,FR,IT,DC,True,,,
TYNDP2020_31,IT,SI,DC,True,,,
TYNDP2020_32,GB,DE,DC,True,,,
TYNDP2020_33,LT,PL,DC,True,,,
TYNDP2020_36,GB,FR,DC,True,,,
TYNDP2020_37,IT,CH,DC,True,,,
TYNDP2020_38,SE,DE,DC,True,,,
DC2,DE,FR,DC,True,,,
TYNDP2024_153,GB,FR,DC,True,,,
TYNDP2024_285,GB,FR,DC,True,,,
TYNDP2024_16,ES,FR,DC,True,,,
TYNDP2022_286,IE,GB,DC,True,,,
AL co2 sequestered,AL co2 stored,AL co2 sequestered,co2 sequestered,True,,,
AT co2 sequestered,AT co2 stored,AT co2 sequestered,co2 sequestered,True,,,
BA co2 sequestered,BA co2 stored,BA co2 sequestered,co2 sequestered,True,,,
BE co2 sequestered,BE co2 stored,BE co2 sequestered,co2 sequestered,True,,,
BG co2 sequestered,BG co2 stored,BG co2 sequestered,co2 sequestered,True,,,
CH co2 sequestered,CH co2 stored,CH co2 sequestered,co2 sequestered,True,,,
CZ co2 sequestered,CZ co2 stored,CZ co2 sequestered,co2 sequestered,True,,,
DE co2 sequestered,DE co2 stored,DE co2 sequestered,co2 sequestered,True,,,
DK co2 sequestered,DK co2 stored,DK co2 sequestered,co2 sequestered,True,,,
EE co2 sequestered,EE co2 stored,EE co2 sequestered,co2 sequestered,True,,,
ES co2 sequestered,ES co2 stored,ES co2 sequestered,co2 sequestered,True,,,
FI co2 sequestered,FI co2 stored,FI co2 sequestered,co2 sequestered,True,,,
FR co2 sequestered,FR co2 stored,FR co2 sequestered,co2 sequestered,True,,,
GB co2 sequestered,GB co2 stored,GB co2 sequestered,co2 sequestered,True,,,
GBI co2 sequestered,GBI co2 stored,GBI co2 sequestered,co2 sequestered,True,,,
GR co2 sequestered,GR co2 stored,GR co2 sequestered,co2 sequestered,True,,,
HR co2 sequestered,HR co2 stored,HR co2 sequestered,co2 sequestered,True,,,
HU co2 sequestered,HU co2 stored,HU co2 sequestered,co2 sequestered,True,,,
IE co2 sequestered,IE co2 stored,IE co2 sequestered,co2 sequestered,True,,,
IT co2 sequestered,IT co2 stored,IT co2 sequestered,co2 sequestered,True,,,
LT co2 sequestered,LT co2 stored,LT co2 sequestered,co2 sequestered,True,,,
LU co2 sequestered,LU co2 stored,LU co2 sequestered,co2 sequestered,True,,,
LV co2 sequestered,LV co2 stored,LV co2 sequestered,co2 sequestered,True,,,
ME co2 sequestered,ME co2 stored,ME co2 sequestered,co2 sequestered,True,,,
MK co2 sequestered,MK co2 stored,MK co2 sequestered,co2 sequestered,True,,,
NL co2 sequestered,NL co2 stored,NL co2 sequestered,co2 sequestered,True,,,
NO co2 sequestered,NO co2 stored,NO co2 sequestered,co2 sequestered,True,,,
PL co2 sequestered,PL co2 stored,PL co2 sequestered,co2 sequestered,True,,,
PT co2 sequestered,PT co2 stored,PT co2 sequestered,co2 sequestered,True,,,
RO co2 sequestered,RO co2 stored,RO co2 sequestered,co2 sequestered,True,,,
RS co2 sequestered,RS co2 stored,RS co2 sequestered,co2 sequestered,True,,,
SE co2 sequestered,SE co2 stored,SE co2 sequestered,co2 sequestered,True,,,
SI co2 sequestered,SI co2 stored,SI co2 sequestered,co2 sequestered,True,,,
SK co2 sequestered,SK co2 stored,SK co2 sequestered,co2 sequestered,True,,,
XK co2 sequestered,XK co2 stored,XK co2 sequestered,co2 sequestered,True,,,
AL OCGT,AL gas,AL,OCGT,True,,,co2 atmosphere
AT OCGT,AT gas,AT,OCGT,True,,,co2 atmosphere
BA OCGT,BA gas,BA,OCGT,True,,,co2 atmosphere
BE OCGT,BE gas,BE,OCGT,True,,,co2 atmosphere
BG OCGT,BG gas,BG,OCGT,True,,,co2 atmosphere
CH OCGT,CH gas,CH,OCGT,True,,,co2 atmosphere
CZ OCGT,CZ gas,CZ,OCGT,True,,,co2 atmosphere
DE OCGT,DE gas,DE,OCGT,True,,,co2 atmosphere
DK OCGT,DK gas,DK,OCGT,True,,,co2 atmosphere
EE OCGT,EE gas,EE,OCGT,True,,,co2 atmosphere
ES OCGT,ES gas,ES,OCGT,True,,,co2 atmosphere
FI OCGT,FI gas,FI,OCGT,True,,,co2 atmosphere
FR OCGT,FR gas,FR,OCGT,True,,,co2 atmosphere
GB OCGT,GB gas,GB,OCGT,True,,,co2 atmosphere
GBI OCGT,GBI gas,GBI,OCGT,True,,,co2 atmosphere
GR OCGT,GR gas,GR,OCGT,True,,,co2 atmosphere
HR OCGT,HR gas,HR,OCGT,True,,,co2 atmosphere
HU OCGT,HU gas,HU,OCGT,True,,,co2 atmosphere
IE OCGT,IE gas,IE,OCGT,True,,,co2 atmosphere
IT OCGT,IT gas,IT,OCGT,True,,,co2 atmosphere
LT OCGT,LT gas,LT,OCGT,True,,,co2 atmosphere
LU OCGT,LU gas,LU,OCGT,True,,,co2 atmosphere
LV OCGT,LV gas,LV,OCGT,True,,,co2 atmosphere
ME OCGT,ME gas,ME,OCGT,True,,,co2 atmosphere
MK OCGT,MK gas,MK,OCGT,True,,,co2 atmosphere
NL OCGT,NL gas,NL,OCGT,True,,,co2 atmosphere
NO OCGT,NO gas,NO,OCGT,True,,,co2 atmosphere
PL OCGT,PL gas,PL,OCGT,True,,,co2 atmosphere
PT OCGT,PT gas,PT,OCGT,True,,,co2 atmosphere
RO OCGT,RO gas,RO,OCGT,True,,,co2 atmosphere
RS OCGT,RS gas,RS,OCGT,True,,,co2 atmosphere
SE OCGT,SE gas,SE,OCGT,True,,,co2 atmosphere
SI OCGT,SI gas,SI,OCGT,True,,,co2 atmosphere
SK OCGT,SK gas,SK,OCGT,True,,,co2 atmosphere
XK OCGT,XK gas,XK,OCGT,True,,,co2 atmosphere
AL CCGT,AL gas,AL,CCGT,True,,,co2 atmosphere
AT CCGT,AT gas,AT,CCGT,True,,,co2 atmosphere
BA CCGT,BA gas,BA,CCGT,True,,,co2 atmosphere
BE CCGT,BE gas,BE,CCGT,True,,,co2 atmosphere
BG CCGT,BG gas,BG,CCGT,True,,,co2 atmosphere
CH CCGT,CH gas,CH,CCGT,True,,,co2 atmosphere
CZ CCGT,CZ gas,CZ,CCGT,True,,,co2 atmosphere
DE CCGT,DE gas,DE,CCGT,True,,,co2 atmosphere
DK CCGT,DK gas,DK,CCGT,True,,,co2 atmosphere
EE CCGT,EE gas,EE,CCGT,True,,,co2 atmosphere
ES CCGT,ES gas,ES,CCGT,True,,,co2 atmosphere
FI CCGT,FI gas,FI,CCGT,True,,,co2 atmosphere
FR CCGT,FR gas,FR,CCGT,True,,,co2 atmosphere
GB CCGT,GB gas,GB,CCGT,True,,,co2 atmosphere
GBI CCGT,GBI gas,GBI,CCGT,True,,,co2 atmosphere
GR CCGT,GR gas,GR,CCGT,True,,,co2 atmosphere
HR CCGT,HR gas,HR,CCGT,True,,,co2 atmosphere
HU CCGT,HU gas,HU,CCGT,True,,,co2 atmosphere
IE CCGT,IE gas,IE,CCGT,True,,,co2 atmosphere
IT CCGT,IT gas,IT,CCGT,True,,,co2 atmosphere
LT CCGT,LT gas,LT,CCGT,True,,,co2 atmosphere
LU CCGT,LU gas,LU,CCGT,True,,,co2 atmosphere
LV CCGT,LV gas,LV,CCGT,True,,,co2 atmosphere
ME CCGT,ME gas,ME,CCGT,True,,,co2 atmosphere
MK CCGT,MK gas,MK,CCGT,True,,,co2 atmosphere
NL CCGT,NL gas,NL,CCGT,True,,,co2 atmosphere
NO CCGT,NO gas,NO,CCGT,True,,,co2 atmosphere
PL CCGT,PL gas,PL,CCGT,True,,,co2 atmosphere
PT CCGT,PT gas,PT,CCGT,True,,,co2 atmosphere
RO CCGT,RO gas,RO,CCGT,True,,,co2 atmosphere
RS CCGT,RS gas,RS,CCGT,True,,,co2 atmosphere
SE CCGT,SE gas,SE,CCGT,True,,,co2 atmosphere
SI CCGT,SI gas,SI,CCGT,True,,,co2 atmosphere
SK CCGT,SK gas,SK,CCGT,True,,,co2 atmosphere
XK CCGT,XK gas,XK,CCGT,True,,,co2 atmosphere
AL H2 Electrolysis,AL,AL H2,H2 Electrolysis,True,,,AL urban central heat
AT H2 Electrolysis,AT,AT H2,H2 Electrolysis,True,,,AT urban central heat
BA H2 Electrolysis,BA,BA H2,H2 Electrolysis,True,,,BA urban central heat
BE H2 Electrolysis,BE,BE H2,H2 Electrolysis,True,,,BE urban central heat
BG H2 Electrolysis,BG,BG H2,H2 Electrolysis,True,,,BG urban central heat
CH H2 Electrolysis,CH,CH H2,H2 Electrolysis,True,,,CH urban central heat
CZ H2 Electrolysis,CZ,CZ H2,H2 Electrolysis,True,,,CZ urban central heat
DE H2 Electrolysis,DE,DE H2,H2 Electrolysis,True,,,DE urban central heat
DK H2 Electrolysis,DK,DK H2,H2 Electrolysis,True,,,DK urban central heat
EE H2 Electrolysis,EE,EE H2,H2 Electrolysis,True,,,EE urban central heat
ES H2 Electrolysis,ES,ES H2,H2 Electrolysis,True,,,ES urban central heat
FI H2 Electrolysis,FI,FI H2,H2 Electrolysis,True,,,FI urban central heat
FR H2 Electrolysis,FR,FR H2,H2 Electrolysis,True,,,FR urban central heat
GB H2 Electrolysis,GB,GB H2,H2 Electrolysis,True,,,GB urban central heat
GBI H2 Electrolysis,GBI,GBI H2,H2 Electrolysis,True,,,GBI urban central heat
GR H2 Electrolysis,GR,GR H2,H2 Electrolysis,True,,,GR urban central heat
HR H2 Electrolysis,HR,HR H2,H2 Electrolysis,True,,,HR urban central heat
HU H2 Electrolysis,HU,HU H2,H2 Electrolysis,True,,,HU urban central heat
IE H2 Electrolysis,IE,IE H2,H2 Electrolysis,True,,,IE urban central heat
IT H2 Electrolysis,IT,IT H2,H2 Electrolysis,True,,,IT urban central heat
LT H2 Electrolysis,LT,LT H2,H2 Electrolysis,True,,,LT urban central heat
LU H2 Electrolysis,LU,LU H2,H2 Electrolysis,True,,,LU urban central heat
LV H2 Electrolysis,LV,LV H2,H2 Electrolysis,True,,,LV urban central heat
ME H2 Electrolysis,ME,ME H2,H2 Electrolysis,True,,,ME urban central heat
MK H2 Electrolysis,MK,MK H2,H2 Electrolysis,True,,,MK urban central heat
NL H2 Electrolysis,NL,NL H2,H2 Electrolysis,True,,,NL urban central heat
NO H2 Electrolysis,NO,NO H2,H2 Electrolysis,True,,,NO urban central heat
PL H2 Electrolysis,PL,PL H2,H2 Electrolysis,True,,,PL urban central heat
PT H2 Electrolysis,PT,PT H2,H2 Electrolysis,True,,,PT urban central heat
RO H2 Electrolysis,RO,RO H2,H2 Electrolysis,True,,,RO urban central heat
RS H2 Electrolysis,RS,RS H2,H2 Electrolysis,True,,,RS urban central heat
SE H2 Electrolysis,SE,SE H2,H2 Electrolysis,True,,,SE urban central heat
SI H2 Electrolysis,SI,SI H2,H2 Electrolysis,True,,,SI urban central heat
SK H2 Electrolysis,SK,SK H2,H2 Electrolysis,True,,,SK urban central heat
XK H2 Electrolysis,XK,XK H2,H2 Electrolysis,True,,,XK urban central heat
AL H2 Fuel Cell,AL H2,AL,H2 Fuel Cell,True,,,AL urban central heat
AT H2 Fuel Cell,AT H2,AT,H2 Fuel Cell,True,,,AT urban central heat
BA H2 Fuel Cell,BA H2,BA,H2 Fuel Cell,True,,,BA urban central heat
BE H2 Fuel Cell,BE H2,BE,H2 Fuel Cell,True,,,BE urban central heat
BG H2 Fuel Cell,BG H2,BG,H2 Fuel Cell,True,,,BG urban central heat
CH H2 Fuel Cell,CH H2,CH,H2 Fuel Cell,True,,,CH urban central heat
CZ H2 Fuel Cell,CZ H2,CZ,H2 Fuel Cell,True,,,CZ urban central heat
DE H2 Fuel Cell,DE H2,DE,H2 Fuel Cell,True,,,DE urban central heat
DK H2 Fuel Cell,DK H2,DK,H2 Fuel Cell,True,,,DK urban central heat
EE H2 Fuel Cell,EE H2,EE,H2 Fuel Cell,True,,,EE urban central heat
ES H2 Fuel Cell,ES H2,ES,H2 Fuel Cell,True,,,ES urban central heat
FI H2 Fuel Cell,FI H2,FI,H2 Fuel Cell,True,,,FI urban central heat
FR H2 Fuel Cell,FR H2,FR,H2 Fuel Cell,True,,,FR urban central heat
GB H2 Fuel Cell,GB H2,GB,H2 Fuel Cell,True,,,GB urban central heat
GBI H2 Fuel Cell,GBI H2,GBI,H2 Fuel Cell,True,,,GBI urban central heat
GR H2 Fuel Cell,GR H2,GR,H2 Fuel Cell,True,,,GR urban central heat
HR H2 Fuel Cell,HR H2,HR,H2 Fuel Cell,True,,,HR urban central heat
HU H2 Fuel Cell,HU H2,HU,H2 Fuel Cell,True,,,HU urban central heat
IE H2 Fuel Cell,IE H2,IE,H2 Fuel Cell,True,,,IE urban central heat
IT H2 Fuel Cell,IT H2,IT,H2 Fuel Cell,True,,,IT urban central heat
LT H2 Fuel Cell,LT H2,LT,H2 Fuel Cell,True,,,LT urban central heat
LU H2 Fuel Cell,LU H2,LU,H2 Fuel Cell,True,,,LU urban central heat
LV H2 Fuel Cell,LV H2,LV,H2 Fuel Cell,True,,,LV urban central heat
ME H2 Fuel Cell,ME H2,ME,H2 Fuel Cell,True,,,ME urban central heat
MK H2 Fuel Cell,MK H2,MK,H2 Fuel Cell,True,,,MK urban central heat
NL H2 Fuel Cell,NL H2,NL,H2 Fuel Cell,True,,,NL urban central heat
NO H2 Fuel Cell,NO H2,NO,H2 Fuel Cell,True,,,NO urban central heat
PL H2 Fuel Cell,PL H2,PL,H2 Fuel Cell,True,,,PL urban central heat
PT H2 Fuel Cell,PT H2,PT,H2 Fuel Cell,True,,,PT urban central heat
RO H2 Fuel Cell,RO H2,RO,H2 Fuel Cell,True,,,RO urban central heat
RS H2 Fuel Cell,RS H2,RS,H2 Fuel Cell,True,,,RS urban central heat
SE H2 Fuel Cell,SE H2,SE,H2 Fuel Cell,True,,,SE urban central heat
SI H2 Fuel Cell,SI H2,SI,H2 Fuel Cell,True,,,SI urban central heat
SK H2 Fuel Cell,SK H2,SK,H2 Fuel Cell,True,,,SK urban central heat
XK H2 Fuel Cell,XK H2,XK,H2 Fuel Cell,True,,,XK urban central heat
AL H2 turbine,AL H2,AL,H2 turbine,True,,,
AT H2 turbine,AT H2,AT,H2 turbine,True,,,
BA H2 turbine,BA H2,BA,H2 turbine,True,,,
BE H2 turbine,BE H2,BE,H2 turbine,True,,,
BG H2 turbine,BG H2,BG,H2 turbine,True,,,
CH H2 turbine,CH H2,CH,H2 turbine,True,,,
CZ H2 turbine,CZ H2,CZ,H2 turbine,True,,,
DE H2 turbine,DE H2,DE,H2 turbine,True,,,
DK H2 turbine,DK H2,DK,H2 turbine,True,,,
EE H2 turbine,EE H2,EE,H2 turbine,True,,,
ES H2 turbine,ES H2,ES,H2 turbine,True,,,
FI H2 turbine,FI H2,FI,H2 turbine,True,,,
FR H2 turbine,FR H2,FR,H2 turbine,True,,,
GB H2 turbine,GB H2,GB,H2 turbine,True,,,
GBI H2 turbine,GBI H2,GBI,H2 turbine,True,,,
GR H2 turbine,GR H2,GR,H2 turbine,True,,,
HR H2 turbine,HR H2,HR,H2 turbine,True,,,
HU H2 turbine,HU H2,HU,H2 turbine,True,,,
IE H2 turbine,IE H2,IE,H2 turbine,True,,,
IT H2 turbine,IT H2,IT,H2 turbine,True,,,
LT H2 turbine,LT H2,LT,H2 turbine,True,,,
LU H2 turbine,LU H2,LU,H2 turbine,True,,,
LV H2 turbine,LV H2,LV,H2 turbine,True,,,
ME H2 turbine,ME H2,ME,H2 turbine,True,,,
MK H2 turbine,MK H2,MK,H2 turbine,True,,,
NL H2 turbine,NL H2,NL,H2 turbine,True,,,
NO H2 turbine,NO H2,NO,H2 turbine,True,,,
PL H2 turbine,PL H2,PL,H2 turbine,True,,,
PT H2 turbine,PT H2,PT,H2 turbine,True,,,
RO H2 turbine,RO H2,RO,H2 turbine,True,,,
RS H2 turbine,RS H2,RS,H2 turbine,True,,,
SE H2 turbine,SE H2,SE,H2 turbine,True,,,
SI H2 turbine,SI H2,SI,H2 turbine,True,,,
SK H2 turbine,SK H2,SK,H2 turbine,True,,,
XK H2 turbine,XK H2,XK,H2 turbine,True,,,
gas pipeline AL -> IT,AL gas,IT gas,gas pipeline,False,,,AL
gas pipeline AT -> DE,AT gas,DE gas,gas pipeline,False,,,AT
gas pipeline AT -> HU,AT gas,HU gas,gas pipeline,False,,,AT
gas pipeline AT -> SI,AT gas,SI gas,gas pipeline,False,,,AT
gas pipeline AT -> SK,AT gas,SK gas,gas pipeline,False,,,AT
gas pipeline AT <-> DE,AT gas,DE gas,gas pipeline,False,,,AT
gas pipeline AT <-> IT,AT gas,IT gas,gas pipeline,False,,,AT
gas pipeline BA -> RS,BA gas,RS gas,gas pipeline,False,,,BA
gas pipeline BE -> FR,BE gas,FR gas,gas pipeline,False,,,BE
gas pipeline BE -> LU,BE gas,LU gas,gas pipeline,False,,,BE
gas pipeline BE -> NL,BE gas,NL gas,gas pipeline,False,,,BE
gas pipeline BE <-> NL,BE gas,NL gas,gas pipeline,False,,,BE
gas pipeline BG -> MK,BG gas,MK gas,gas pipeline,False,,,BG
gas pipeline BG -> RO,BG gas,RO gas,gas pipeline,False,,,BG
gas pipeline BG <-> GR,BG gas,GR gas,gas pipeline,False,,,BG
gas pipeline BG <-> RO,BG gas,RO gas,gas pipeline,False,,,BG
gas pipeline CH -> AT,CH gas,AT gas,gas pipeline,False,,,CH
gas pipeline CH -> DE,CH gas,DE gas,gas pipeline,False,,,CH
gas pipeline CH <-> DE,CH gas,DE gas,gas pipeline,False,,,CH
gas pipeline CH <-> FR,CH gas,FR gas,gas pipeline,False,,,CH
gas pipeline CH <-> IT,CH gas,IT gas,gas pipeline,False,,,CH
gas pipeline CZ -> PL,CZ gas,PL gas,gas pipeline,False,,,CZ
gas pipeline CZ <-> DE,CZ gas,DE gas,gas pipeline,False,,,CZ
gas pipeline CZ <-> SK,CZ gas,SK gas,gas pipeline,False,,,CZ
gas pipeline DE -> AT,DE gas,AT gas,gas pipeline,False,,,DE
gas pipeline DE -> BE,DE gas,BE gas,gas pipeline,False,,,DE
gas pipeline DE -> CH,DE gas,CH gas,gas pipeline,False,,,DE
gas pipeline DE -> CZ,DE gas,CZ gas,gas pipeline,False,,,DE
gas pipeline DE -> FR,DE gas,FR gas,gas pipeline,False,,,DE
gas pipeline DE -> LU,DE gas,LU gas,gas pipeline,False,,,DE
gas pipeline DE -> NL,DE gas,NL gas,gas pipeline,False,,,DE
gas pipeline DE -> PL,DE gas,PL gas,gas pipeline,False,,,DE
gas pipeline DE <-> AT,DE gas,AT gas,gas pipeline,False,,,DE
gas pipeline DE <-> CZ,DE gas,CZ gas,gas pipeline,False,,,DE
gas pipeline DE <-> NL,DE gas,NL gas,gas pipeline,False,,,DE
gas pipeline DE <-> PL,DE gas,PL gas,gas pipeline,False,,,DE
gas pipeline DK -> DE,DK gas,DE gas,gas pipeline,False,,,DK
gas pipeline DK -> NO,DK gas,NO gas,gas pipeline,False,,,DK
gas pipeline DK -> SE,DK gas,SE gas,gas pipeline,False,,,DK
gas pipeline DK <-> DE,DK gas,DE gas,gas pipeline,False,,,DK
gas pipeline EE -> LV,EE gas,LV gas,gas pipeline,False,,,EE
gas pipeline ES -> FR,ES gas,FR gas,gas pipeline,False,,,ES
gas pipeline ES <-> FR,ES gas,FR gas,gas pipeline,False,,,ES
gas pipeline FR -> CH,FR gas,CH gas,gas pipeline,False,,,FR
gas pipeline FR -> DE,FR gas,DE gas,gas pipeline,False,,,FR
gas pipeline FR -> ES,FR gas,ES gas,gas pipeline,False,,,FR
gas pipeline FR -> LU,FR gas,LU gas,gas pipeline,False,,,FR
gas pipeline FR <-> BE,FR gas,BE gas,gas pipeline,False,,,FR
gas pipeline FR <-> CH,FR gas,CH gas,gas pipeline,False,,,FR
gas pipeline FR <-> ES,FR gas,ES gas,gas pipeline,False,,,FR
gas pipeline GB -> GBI,GB gas,GBI gas,gas pipeline,False,,,GB
gas pipeline GB -> NL,GB gas,NL gas,gas pipeline,False,,,GB
gas pipeline GB -> NO,GB gas,NO gas,gas pipeline,False,,,GB
gas pipeline GB <-> BE,GB gas,BE gas,gas pipeline,False,,,GB
gas pipeline GR -> AL,GR gas,AL gas,gas pipeline,False,,,GR
gas pipeline GR -> BG,GR gas,BG gas,gas pipeline,False,,,GR
gas pipeline HR -> SI,HR gas,SI gas,gas pipeline,False,,,HR
gas pipeline HR <-> SI,HR gas,SI gas,gas pipeline,False,,,HR
gas pipeline HU -> HR,HU gas,HR gas,gas pipeline,False,,,HU
gas pipeline HU -> RS,HU gas,RS gas,gas pipeline,False,,,HU
gas pipeline HU <-> HR,HU gas,HR gas,gas pipeline,False,,,HU
gas pipeline HU <-> RO,HU gas,RO gas,gas pipeline,False,,,HU
gas pipeline IE -> GB,IE gas,GB gas,gas pipeline,False,,,IE
gas pipeline IT <-> AT,IT gas,AT gas,gas pipeline,False,,,IT
gas pipeline IT <-> SI,IT gas,SI gas,gas pipeline,False,,,IT
gas pipeline LT -> LV,LT gas,LV gas,gas pipeline,False,,,LT
gas pipeline LU -> BE,LU gas,BE gas,gas pipeline,False,,,LU
gas pipeline LU -> FR,LU gas,FR gas,gas pipeline,False,,,LU
gas pipeline LV -> LT,LV gas,LT gas,gas pipeline,False,,,LV
gas pipeline LV <-> LT,LV gas,LT gas,gas pipeline,False,,,LV
gas pipeline NL -> BE,NL gas,BE gas,gas pipeline,False,,,NL
gas pipeline NL -> DE,NL gas,DE gas,gas pipeline,False,,,NL
gas pipeline NL -> GB,NL gas,GB gas,gas pipeline,False,,,NL
gas pipeline NL -> NO,NL gas,NO gas,gas pipeline,False,,,NL
gas pipeline NL <-> DE,NL gas,DE gas,gas pipeline,False,,,NL
gas pipeline NL <-> GB,NL gas,GB gas,gas pipeline,False,,,NL
gas pipeline NO -> BE,NO gas,BE gas,gas pipeline,False,,,NO
gas pipeline NO -> DE,NO gas,DE gas,gas pipeline,False,,,NO
gas pipeline NO -> FR,NO gas,FR gas,gas pipeline,False,,,NO
gas pipeline NO -> GB,NO gas,GB gas,gas pipeline,False,,,NO
gas pipeline PL -> CZ,PL gas,CZ gas,gas pipeline,False,,,PL
gas pipeline PL -> DE,PL gas,DE gas,gas pipeline,False,,,PL
gas pipeline PL <-> DE,PL gas,DE gas,gas pipeline,False,,,PL
gas pipeline PT <-> ES,PT gas,ES gas,gas pipeline,False,,,PT
gas pipeline RS -> BA,RS gas,BA gas,gas pipeline,False,,,RS
gas pipeline SI -> HR,SI gas,HR gas,gas pipeline,False,,,SI
gas pipeline SK -> HU,SK gas,HU gas,gas pipeline,False,,,SK
gas pipeline SK <-> AT,SK gas,AT gas,gas pipeline,False,,,SK
gas pipeline SK <-> CZ,SK gas,CZ gas,gas pipeline,False,,,SK
gas pipeline new AL <-> MK,AL gas,MK gas,gas pipeline new,True,,,
gas pipeline new AL <-> GR,AL gas,GR gas,gas pipeline new,True,,,
gas pipeline new AT <-> SI,AT gas,SI gas,gas pipeline new,True,,,
gas pipeline new AT <-> CZ,AT gas,CZ gas,gas pipeline new,True,,,
gas pipeline new BA <-> ME,BA gas,ME gas,gas pipeline new,True,,,
gas pipeline new BA <-> HR,BA gas,HR gas,gas pipeline new,True,,,
gas pipeline new BE <-> LU,BE gas,LU gas,gas pipeline new,True,,,
gas pipeline new PL <-> SK,PL gas,SK gas,gas pipeline new,True,,,
gas pipeline new ES <-> PT,ES gas,PT gas,gas pipeline new,True,,,
gas pipeline new GB <-> IE,GB gas,IE gas,gas pipeline new,True,,,
gas pipeline new LT <-> PL,LT gas,PL gas,gas pipeline new,True,,,
gas pipeline new BG <-> MK,BG gas,MK gas,gas pipeline new,True,,,
gas pipeline new BG <-> RO,BG gas,RO gas,gas pipeline new,True,,,
gas pipeline new CH <-> IT,CH gas,IT gas,gas pipeline new,True,,,
gas pipeline new EE <-> LV,EE gas,LV gas,gas pipeline new,True,,,
gas pipeline new EE <-> FI,EE gas,FI gas,gas pipeline new,True,,,
gas pipeline new FI <-> SE,FI gas,SE gas,gas pipeline new,True,,,
gas pipeline new HR <-> SI,HR gas,SI gas,gas pipeline new,True,,,
gas pipeline new HU <-> SK,HU gas,SK gas,gas pipeline new,True,,,
gas pipeline new LT <-> LV,LT gas,LV gas,gas pipeline new,True,,,
gas pipeline new ME <-> XK,ME gas,XK gas,gas pipeline new,True,,,
gas pipeline new MK <-> XK,MK gas,XK gas,gas pipeline new,True,,,
gas pipeline new RS <-> XK,RS gas,XK gas,gas pipeline new,True,,,
H2 pipeline AL -> GR,AL H2,GR H2,H2 pipeline,True,,,AL
H2 pipeline AL -> IT,AL H2,IT H2,H2 pipeline,True,,,AL
H2 pipeline AL -> ME,AL H2,ME H2,H2 pipeline,True,,,AL
H2 pipeline AL -> MK,AL H2,MK H2,H2 pipeline,True,,,AL
H2 pipeline AL -> XK,AL H2,XK H2,H2 pipeline,True,,,AL
H2 pipeline AT -> CH,AT H2,CH H2,H2 pipeline,True,,,AT
H2 pipeline AT -> CZ,AT H2,CZ H2,H2 pipeline,True,,,AT
H2 pipeline AT -> DE,AT H2,DE H2,H2 pipeline,True,,,AT
H2 pipeline AT -> HU,AT H2,HU H2,H2 pipeline,True,,,AT
H2 pipeline AT -> IT,AT H2,IT H2,H2 pipeline,True,,,AT
H2 pipeline AT -> SI,AT H2,SI H2,H2 pipeline,True,,,AT
H2 pipeline AT -> SK,AT H2,SK H2,H2 pipeline,True,,,AT
H2 pipeline BA -> HR,BA H2,HR H2,H2 pipeline,True,,,BA
H2 pipeline BA -> ME,BA H2,ME H2,H2 pipeline,True,,,BA
H2 pipeline BA -> RS,BA H2,RS H2,H2 pipeline,True,,,BA
H2 pipeline BE -> DE,BE H2,DE H2,H2 pipeline,True,,,BE
H2 pipeline BE -> FR,BE H2,FR H2,H2 pipeline,True,,,BE
H2 pipeline BE -> GB,BE H2,GB H2,H2 pipeline,True,,,BE
H2 pipeline BE -> LU,BE H2,LU H2,H2 pipeline,True,,,BE
H2 pipeline BE -> NL,BE H2,NL H2,H2 pipeline,True,,,BE
H2 pipeline BE -> NO,BE H2,NO H2,H2 pipeline,True,,,BE
H2 pipeline BG -> GR,BG H2,GR H2,H2 pipeline,True,,,BG
H2 pipeline BG -> MK,BG H2,MK H2,H2 pipeline,True,,,BG
H2 pipeline BG -> RO,BG H2,RO H2,H2 pipeline,True,,,BG
H2 pipeline BG -> RS,BG H2,RS H2,H2 pipeline,True,,,BG
H2 pipeline CH -> DE,CH H2,DE H2,H2 pipeline,True,,,CH
H2 pipeline CH -> FR,CH H2,FR H2,H2 pipeline,True,,,CH
H2 pipeline CH -> IT,CH H2,IT H2,H2 pipeline,True,,,CH
H2 pipeline CZ -> DE,CZ H2,DE H2,H2 pipeline,True,,,CZ
H2 pipeline CZ -> PL,CZ H2,PL H2,H2 pipeline,True,,,CZ
H2 pipeline CZ -> SK,CZ H2,SK H2,H2 pipeline,True,,,CZ
H2 pipeline DE -> DK,DE H2,DK H2,H2 pipeline,True,,,DE
H2 pipeline DE -> FR,DE H2,FR H2,H2 pipeline,True,,,DE
H2 pipeline DE -> GB,DE H2,GB H2,H2 pipeline,True,,,DE
H2 pipeline DE -> LU,DE H2,LU H2,H2 pipeline,True,,,DE
H2 pipeline DE -> NL,DE H2,NL H2,H2 pipeline,True,,,DE
H2 pipeline DE -> NO,DE H2,NO H2,H2 pipeline,True,,,DE
H2 pipeline DE -> PL,DE H2,PL H2,H2 pipeline,True,,,DE
H2 pipeline DE -> SE,DE H2,SE H2,H2 pipeline,True,,,DE
H2 pipeline DK -> GB,DK H2,GB H2,H2 pipeline,True,,,DK
H2 pipeline DK -> NL,DK H2,NL H2,H2 pipeline,True,,,DK
H2 pipeline DK -> NO,DK H2,NO H2,H2 pipeline,True,,,DK
H2 pipeline DK -> SE,DK H2,SE H2,H2 pipeline,True,,,DK
H2 pipeline EE -> FI,EE H2,FI H2,H2 pipeline,True,,,EE
H2 pipeline EE -> LV,EE H2,LV H2,H2 pipeline,True,,,EE
H2 pipeline ES -> FR,ES H2,FR H2,H2 pipeline,True,,,ES
H2 pipeline ES -> PT,ES H2,PT H2,H2 pipeline,True,,,ES
H2 pipeline FI -> NO,FI H2,NO H2,H2 pipeline,True,,,FI
H2 pipeline FI -> SE,FI H2,SE H2,H2 pipeline,True,,,FI
H2 pipeline FR -> GB,FR H2,GB H2,H2 pipeline,True,,,FR
H2 pipeline FR -> IE,FR H2,IE H2,H2 pipeline,True,,,FR
H2 pipeline FR -> IT,FR H2,IT H2,H2 pipeline,True,,,FR
H2 pipeline FR -> LU,FR H2,LU H2,H2 pipeline,True,,,FR
H2 pipeline FR -> NO,FR H2,NO H2,H2 pipeline,True,,,FR
H2 pipeline GB -> GBI,GB H2,GBI H2,H2 pipeline,True,,,GB
H2 pipeline GB -> IE,GB H2,IE H2,H2 pipeline,True,,,GB
H2 pipeline GB -> NL,GB H2,NL H2,H2 pipeline,True,,,GB
H2 pipeline GB -> NO,GB H2,NO H2,H2 pipeline,True,,,GB
H2 pipeline GR -> IT,GR H2,IT H2,H2 pipeline,True,,,GR
H2 pipeline GR -> MK,GR H2,MK H2,H2 pipeline,True,,,GR
H2 pipeline HR -> HU,HR H2,HU H2,H2 pipeline,True,,,HR
H2 pipeline HR -> RS,HR H2,RS H2,H2 pipeline,True,,,HR
H2 pipeline HR -> SI,HR H2,SI H2,H2 pipeline,True,,,HR
H2 pipeline HU -> RO,HU H2,RO H2,H2 pipeline,True,,,HU
H2 pipeline HU -> RS,HU H2,RS H2,H2 pipeline,True,,,HU
H2 pipeline HU -> SI,HU H2,SI H2,H2 pipeline,True,,,HU
H2 pipeline HU -> SK,HU H2,SK H2,H2 pipeline,True,,,HU
H2 pipeline IT -> ME,IT H2,ME H2,H2 pipeline,True,,,IT
H2 pipeline IT -> SI,IT H2,SI H2,H2 pipeline,True,,,IT
H2 pipeline LT -> LV,LT H2,LV H2,H2 pipeline,True,,,LT
H2 pipeline LT -> PL,LT H2,PL H2,H2 pipeline,True,,,LT
H2 pipeline LT -> SE,LT H2,SE H2,H2 pipeline,True,,,LT
H2 pipeline ME -> RS,ME H2,RS H2,H2 pipeline,True,,,ME
H2 pipeline ME -> XK,ME H2,XK H2,H2 pipeline,True,,,ME
H2 pipeline MK -> RS,MK H2,RS H2,H2 pipeline,True,,,MK
H2 pipeline MK -> XK,MK H2,XK H2,H2 pipeline,True,,,MK
H2 pipeline NL -> NO,NL H2,NO H2,H2 pipeline,True,,,NL
H2 pipeline NO -> SE,NO H2,SE H2,H2 pipeline,True,,,NO
H2 pipeline PL -> SE,PL H2,SE H2,H2 pipeline,True,,,PL
H2 pipeline PL -> SK,PL H2,SK H2,H2 pipeline,True,,,PL
H2 pipeline RO -> RS,RO H2,RS H2,H2 pipeline,True,,,RO
H2 pipeline RS -> XK,RS H2,XK H2,H2 pipeline,True,,,RS
AL Sabatier,AL H2,AL gas,Sabatier,True,,AL urban central heat,AL co2 stored
AT Sabatier,AT H2,AT gas,Sabatier,True,,AT urban central heat,AT co2 stored
BA Sabatier,BA H2,BA gas,Sabatier,True,,BA urban central heat,BA co2 stored
BE Sabatier,BE H2,BE gas,Sabatier,True,,BE urban central heat,BE co2 stored
BG Sabatier,BG H2,BG gas,Sabatier,True,,BG urban central heat,BG co2 stored
CH Sabatier,CH H2,CH gas,Sabatier,True,,CH urban central heat,CH co2 stored
CZ Sabatier,CZ H2,CZ gas,Sabatier,True,,CZ urban central heat,CZ co2 stored
DE Sabatier,DE H2,DE gas,Sabatier,True,,DE urban central heat,DE co2 stored
DK Sabatier,DK H2,DK gas,Sabatier,True,,DK urban central heat,DK co2 stored
EE Sabatier,EE H2,EE gas,Sabatier,True,,EE urban central heat,EE co2 stored
ES Sabatier,ES H2,ES gas,Sabatier,True,,ES urban central heat,ES co2 stored
FI Sabatier,FI H2,FI gas,Sabatier,True,,FI urban central heat,FI co2 stored
FR Sabatier,FR H2,FR gas,Sabatier,True,,FR urban central heat,FR co2 stored
GB Sabatier,GB H2,GB gas,Sabatier,True,,GB urban central heat,GB co2 stored
GBI Sabatier,GBI H2,GBI gas,Sabatier,True,,GBI urban central heat,GBI co2 stored
GR Sabatier,GR H2,GR gas,Sabatier,True,,GR urban central heat,GR co2 stored
HR Sabatier,HR H2,HR gas,Sabatier,True,,HR urban central heat,HR co2 stored
HU Sabatier,HU H2,HU gas,Sabatier,True,,HU urban central heat,HU co2 stored
IE Sabatier,IE H2,IE gas,Sabatier,True,,IE urban central heat,IE co2 stored
IT Sabatier,IT H2,IT gas,Sabatier,True,,IT urban central heat,IT co2 stored
LT Sabatier,LT H2,LT gas,Sabatier,True,,LT urban central heat,LT co2 stored
LU Sabatier,LU H2,LU gas,Sabatier,True,,LU urban central heat,LU co2 stored
LV Sabatier,LV H2,LV gas,Sabatier,True,,LV urban central heat,LV co2 stored
ME Sabatier,ME H2,ME gas,Sabatier,True,,ME urban central heat,ME co2 stored
MK Sabatier,MK H2,MK gas,Sabatier,True,,MK urban central heat,MK co2 stored
NL Sabatier,NL H2,NL gas,Sabatier,True,,NL urban central heat,NL co2 stored
NO Sabatier,NO H2,NO gas,Sabatier,True,,NO urban central heat,NO co2 stored
PL Sabatier,PL H2,PL gas,Sabatier,True,,PL urban central heat,PL co2 stored
PT Sabatier,PT H2,PT gas,Sabatier,True,,PT urban central heat,PT co2 stored
RO Sabatier,RO H2,RO gas,Sabatier,True,,RO urban central heat,RO co2 stored
RS Sabatier,RS H2,RS gas,Sabatier,True,,RS urban central heat,RS co2 stored
SE Sabatier,SE H2,SE gas,Sabatier,True,,SE urban central heat,SE co2 stored
SI Sabatier,SI H2,SI gas,Sabatier,True,,SI urban central heat,SI co2 stored
SK Sabatier,SK H2,SK gas,Sabatier,True,,SK urban central heat,SK co2 stored
XK Sabatier,XK H2,XK gas,Sabatier,True,,XK urban central heat,XK co2 stored
AL SMR CC,AL gas,AL H2,SMR CC,True,,AL co2 stored,co2 atmosphere
AT SMR CC,AT gas,AT H2,SMR CC,True,,AT co2 stored,co2 atmosphere
BA SMR CC,BA gas,BA H2,SMR CC,True,,BA co2 stored,co2 atmosphere
BE SMR CC,BE gas,BE H2,SMR CC,True,,BE co2 stored,co2 atmosphere
BG SMR CC,BG gas,BG H2,SMR CC,True,,BG co2 stored,co2 atmosphere
CH SMR CC,CH gas,CH H2,SMR CC,True,,CH co2 stored,co2 atmosphere
CZ SMR CC,CZ gas,CZ H2,SMR CC,True,,CZ co2 stored,co2 atmosphere
DE SMR CC,DE gas,DE H2,SMR CC,True,,DE co2 stored,co2 atmosphere
DK SMR CC,DK gas,DK H2,SMR CC,True,,DK co2 stored,co2 atmosphere
EE SMR CC,EE gas,EE H2,SMR CC,True,,EE co2 stored,co2 atmosphere
ES SMR CC,ES gas,ES H2,SMR CC,True,,ES co2 stored,co2 atmosphere
FI SMR CC,FI gas,FI H2,SMR CC,True,,FI co2 stored,co2 atmosphere
FR SMR CC,FR gas,FR H2,SMR CC,True,,FR co2 stored,co2 atmosphere
GB SMR CC,GB gas,GB H2,SMR CC,True,,GB co2 stored,co2 atmosphere
GBI SMR CC,GBI gas,GBI H2,SMR CC,True,,GBI co2 stored,co2 atmosphere
GR SMR CC,GR gas,GR H2,SMR CC,True,,GR co2 stored,co2 atmosphere
HR SMR CC,HR gas,HR H2,SMR CC,True,,HR co2 stored,co2 atmosphere
HU SMR CC,HU gas,HU H2,SMR CC,True,,HU co2 stored,co2 atmosphere
IE SMR CC,IE gas,IE H2,SMR CC,True,,IE co2 stored,co2 atmosphere
IT SMR CC,IT gas,IT H2,SMR CC,True,,IT co2 stored,co2 atmosphere
LT SMR CC,LT gas,LT H2,SMR CC,True,,LT co2 stored,co2 atmosphere
LU SMR CC,LU gas,LU H2,SMR CC,True,,LU co2 stored,co2 atmosphere
LV SMR CC,LV gas,LV H2,SMR CC,True,,LV co2 stored,co2 atmosphere
ME SMR CC,ME gas,ME H2,SMR CC,True,,ME co2 stored,co2 atmosphere
MK SMR CC,MK gas,MK H2,SMR CC,True,,MK co2 stored,co2 atmosphere
NL SMR CC,NL gas,NL H2,SMR CC,True,,NL co2 stored,co2 atmosphere
NO SMR CC,NO gas,NO H2,SMR CC,True,,NO co2 stored,co2 atmosphere
PL SMR CC,PL gas,PL H2,SMR CC,True,,PL co2 stored,co2 atmosphere
PT SMR CC,PT gas,PT H2,SMR CC,True,,PT co2 stored,co2 atmosphere
RO SMR CC,RO gas,RO H2,SMR CC,True,,RO co2 stored,co2 atmosphere
RS SMR CC,RS gas,RS H2,SMR CC,True,,RS co2 stored,co2 atmosphere
SE SMR CC,SE gas,SE H2,SMR CC,True,,SE co2 stored,co2 atmosphere
SI SMR CC,SI gas,SI H2,SMR CC,True,,SI co2 stored,co2 atmosphere
SK SMR CC,SK gas,SK H2,SMR CC,True,,SK co2 stored,co2 atmosphere
XK SMR CC,XK gas,XK H2,SMR CC,True,,XK co2 stored,co2 atmosphere
AL SMR,AL gas,AL H2,SMR,True,,,co2 atmosphere
AT SMR,AT gas,AT H2,SMR,True,,,co2 atmosphere
BA SMR,BA gas,BA H2,SMR,True,,,co2 atmosphere
BE SMR,BE gas,BE H2,SMR,True,,,co2 atmosphere
BG SMR,BG gas,BG H2,SMR,True,,,co2 atmosphere
CH SMR,CH gas,CH H2,SMR,True,,,co2 atmosphere
CZ SMR,CZ gas,CZ H2,SMR,True,,,co2 atmosphere
DE SMR,DE gas,DE H2,SMR,True,,,co2 atmosphere
DK SMR,DK gas,DK H2,SMR,True,,,co2 atmosphere
EE SMR,EE gas,EE H2,SMR,True,,,co2 atmosphere
ES SMR,ES gas,ES H2,SMR,True,,,co2 atmosphere
FI SMR,FI gas,FI H2,SMR,True,,,co2 atmosphere
FR SMR,FR gas,FR H2,SMR,True,,,co2 atmosphere
GB SMR,GB gas,GB H2,SMR,True,,,co2 atmosphere
GBI SMR,GBI gas,GBI H2,SMR,True,,,co2 atmosphere
GR SMR,GR gas,GR H2,SMR,True,,,co2 atmosphere
HR SMR,HR gas,HR H2,SMR,True,,,co2 atmosphere
HU SMR,HU gas,HU H2,SMR,True,,,co2 atmosphere
IE SMR,IE gas,IE H2,SMR,True,,,co2 atmosphere
IT SMR,IT gas,IT H2,SMR,True,,,co2 atmosphere
LT SMR,LT gas,LT H2,SMR,True,,,co2 atmosphere
LU SMR,LU gas,LU H2,SMR,True,,,co2 atmosphere
LV SMR,LV gas,LV H2,SMR,True,,,co2 atmosphere
ME SMR,ME gas,ME H2,SMR,True,,,co2 atmosphere
MK SMR,MK gas,MK H2,SMR,True,,,co2 atmosphere
NL SMR,NL gas,NL H2,SMR,True,,,co2 atmosphere
NO SMR,NO gas,NO H2,SMR,True,,,co2 atmosphere
PL SMR,PL gas,PL H2,SMR,True,,,co2 atmosphere
PT SMR,PT gas,PT H2,SMR,True,,,co2 atmosphere
RO SMR,RO gas,RO H2,SMR,True,,,co2 atmosphere
RS SMR,RS gas,RS H2,SMR,True,,,co2 atmosphere
SE SMR,SE gas,SE H2,SMR,True,,,co2 atmosphere
SI SMR,SI gas,SI H2,SMR,True,,,co2 atmosphere
SK SMR,SK gas,SK H2,SMR,True,,,co2 atmosphere
XK SMR,XK gas,XK H2,SMR,True,,,co2 atmosphere
AL battery charger,AL,AL battery,battery charger,True,,,
AT battery charger,AT,AT battery,battery charger,True,,,
BA battery charger,BA,BA battery,battery charger,True,,,
BE battery charger,BE,BE battery,battery charger,True,,,
BG battery charger,BG,BG battery,battery charger,True,,,
CH battery charger,CH,CH battery,battery charger,True,,,
CZ battery charger,CZ,CZ battery,battery charger,True,,,
DE battery charger,DE,DE battery,battery charger,True,,,
DK battery charger,DK,DK battery,battery charger,True,,,
EE battery charger,EE,EE battery,battery charger,True,,,
ES battery charger,ES,ES battery,battery charger,True,,,
FI battery charger,FI,FI battery,battery charger,True,,,
FR battery charger,FR,FR battery,battery charger,True,,,
GB battery charger,GB,GB battery,battery charger,True,,,
GBI battery charger,GBI,GBI battery,battery charger,True,,,
GR battery charger,GR,GR battery,battery charger,True,,,
HR battery charger,HR,HR battery,battery charger,True,,,
HU battery charger,HU,HU battery,battery charger,True,,,
IE battery charger,IE,IE battery,battery charger,True,,,
IT battery charger,IT,IT battery,battery charger,True,,,
LT battery charger,LT,LT battery,battery charger,True,,,
LU battery charger,LU,LU battery,battery charger,True,,,
LV battery charger,LV,LV battery,battery charger,True,,,
ME battery charger,ME,ME battery,battery charger,True,,,
MK battery charger,MK,MK battery,battery charger,True,,,
NL battery charger,NL,NL battery,battery charger,True,,,
NO battery charger,NO,NO battery,battery charger,True,,,
PL battery charger,PL,PL battery,battery charger,True,,,
PT battery charger,PT,PT battery,battery charger,True,,,
RO battery charger,RO,RO battery,battery charger,True,,,
RS battery charger,RS,RS battery,battery charger,True,,,
SE battery charger,SE,SE battery,battery charger,True,,,
SI battery charger,SI,SI battery,battery charger,True,,,
SK battery charger,SK,SK battery,battery charger,True,,,
XK battery charger,XK,XK battery,battery charger,True,,,
AL battery discharger,AL battery,AL,battery discharger,True,,,
AT battery discharger,AT battery,AT,battery discharger,True,,,
BA battery discharger,BA battery,BA,battery discharger,True,,,
BE battery discharger,BE battery,BE,battery discharger,True,,,
BG battery discharger,BG battery,BG,battery discharger,True,,,
CH battery discharger,CH battery,CH,battery discharger,True,,,
CZ battery discharger,CZ battery,CZ,battery discharger,True,,,
DE battery discharger,DE battery,DE,battery discharger,True,,,
DK battery discharger,DK battery,DK,battery discharger,True,,,
EE battery discharger,EE battery,EE,battery discharger,True,,,
ES battery discharger,ES battery,ES,battery discharger,True,,,
FI battery discharger,FI battery,FI,battery discharger,True,,,
FR battery discharger,FR battery,FR,battery discharger,True,,,
GB battery discharger,GB battery,GB,battery discharger,True,,,
GBI battery discharger,GBI battery,GBI,battery discharger,True,,,
GR battery discharger,GR battery,GR,battery discharger,True,,,
HR battery discharger,HR battery,HR,battery discharger,True,,,
HU battery discharger,HU battery,HU,battery discharger,True,,,
IE battery discharger,IE battery,IE,battery discharger,True,,,
IT battery discharger,IT battery,IT,battery discharger,True,,,
LT battery discharger,LT battery,LT,battery discharger,True,,,
LU battery discharger,LU battery,LU,battery discharger,True,,,
LV battery discharger,LV battery,LV,battery discharger,True,,,
ME battery discharger,ME battery,ME,battery discharger,True,,,
MK battery discharger,MK battery,MK,battery discharger,True,,,
NL battery discharger,NL battery,NL,battery discharger,True,,,
NO battery discharger,NO battery,NO,battery discharger,True,,,
PL battery discharger,PL battery,PL,battery discharger,True,,,
PT battery discharger,PT battery,PT,battery discharger,True,,,
RO battery discharger,RO battery,RO,battery discharger,True,,,
RS battery discharger,RS battery,RS,battery discharger,True,,,
SE battery discharger,SE battery,SE,battery discharger,True,,,
SI battery discharger,SI battery,SI,battery discharger,True,,,
SK battery discharger,SK battery,SK,battery discharger,True,,,
XK battery discharger,XK battery,XK,battery discharger,True,,,
AL BEV charger,AL low voltage,AL EV battery,BEV charger,False,,,
AT BEV charger,AT low voltage,AT EV battery,BEV charger,False,,,
BA BEV charger,BA low voltage,BA EV battery,BEV charger,False,,,
BE BEV charger,BE low voltage,BE EV battery,BEV charger,False,,,
BG BEV charger,BG low voltage,BG EV battery,BEV charger,False,,,
CH BEV charger,CH low voltage,CH EV battery,BEV charger,False,,,
CZ BEV charger,CZ low voltage,CZ EV battery,BEV charger,False,,,
DE BEV charger,DE low voltage,DE EV battery,BEV charger,False,,,
DK BEV charger,DK low voltage,DK EV battery,BEV charger,False,,,
EE BEV charger,EE low voltage,EE EV battery,BEV charger,False,,,
ES BEV charger,ES low voltage,ES EV battery,BEV charger,False,,,
FI BEV charger,FI low voltage,FI EV battery,BEV charger,False,,,
FR BEV charger,FR low voltage,FR EV battery,BEV charger,False,,,
GB BEV charger,GB low voltage,GB EV battery,BEV charger,False,,,
GBI BEV charger,GBI low voltage,GBI EV battery,BEV charger,False,,,
GR BEV charger,GR low voltage,GR EV battery,BEV charger,False,,,
HR BEV charger,HR low voltage,HR EV battery,BEV charger,False,,,
HU BEV charger,HU low voltage,HU EV battery,BEV charger,False,,,
IE BEV charger,IE low voltage,IE EV battery,BEV charger,False,,,
IT BEV charger,IT low voltage,IT EV battery,BEV charger,False,,,
LT BEV charger,LT low voltage,LT EV battery,BEV charger,False,,,
LU BEV charger,LU low voltage,LU EV battery,BEV charger,False,,,
LV BEV charger,LV low voltage,LV EV battery,BEV charger,False,,,
ME BEV charger,ME low voltage,ME EV battery,BEV charger,False,,,
MK BEV charger,MK low voltage,MK EV battery,BEV charger,False,,,
NL BEV charger,NL low voltage,NL EV battery,BEV charger,False,,,
NO BEV charger,NO low voltage,NO EV battery,BEV charger,False,,,
PL BEV charger,PL low voltage,PL EV battery,BEV charger,False,,,
PT BEV charger,PT low voltage,PT EV battery,BEV charger,False,,,
RO BEV charger,RO low voltage,RO EV battery,BEV charger,False,,,
RS BEV charger,RS low voltage,RS EV battery,BEV charger,False,,,
SE BEV charger,SE low voltage,SE EV battery,BEV charger,False,,,
SI BEV charger,SI low voltage,SI EV battery,BEV charger,False,,,
SK BEV charger,SK low voltage,SK EV battery,BEV charger,False,,,
XK BEV charger,XK low voltage,XK EV battery,BEV charger,False,,,
AL V2G,AL EV battery,AL low voltage,V2G,False,,,
AT V2G,AT EV battery,AT low voltage,V2G,False,,,
BA V2G,BA EV battery,BA low voltage,V2G,False,,,
BE V2G,BE EV battery,BE low voltage,V2G,False,,,
BG V2G,BG EV battery,BG low voltage,V2G,False,,,
CH V2G,CH EV battery,CH low voltage,V2G,False,,,
CZ V2G,CZ EV battery,CZ low voltage,V2G,False,,,
DE V2G,DE EV battery,DE low voltage,V2G,False,,,
DK V2G,DK EV battery,DK low voltage,V2G,False,,,
EE V2G,EE EV battery,EE low voltage,V2G,False,,,
ES V2G,ES EV battery,ES low voltage,V2G,False,,,
FI V2G,FI EV battery,FI low voltage,V2G,False,,,
FR V2G,FR EV battery,FR low voltage,V2G,False,,,
GB V2G,GB EV battery,GB low voltage,V2G,False,,,
GBI V2G,GBI EV battery,GBI low voltage,V2G,False,,,
GR V2G,GR EV battery,GR low voltage,V2G,False,,,
HR V2G,HR EV battery,HR low voltage,V2G,False,,,
HU V2G,HU EV battery,HU low voltage,V2G,False,,,
IE V2G,IE EV battery,IE low voltage,V2G,False,,,
IT V2G,IT EV battery,IT low voltage,V2G,False,,,
LT V2G,LT EV battery,LT low voltage,V2G,False,,,
LU V2G,LU EV battery,LU low voltage,V2G,False,,,
LV V2G,LV EV battery,LV low voltage,V2G,False,,,
ME V2G,ME EV battery,ME low voltage,V2G,False,,,
MK V2G,MK EV battery,MK low voltage,V2G,False,,,
NL V2G,NL EV battery,NL low voltage,V2G,False,,,
NO V2G,NO EV battery,NO low voltage,V2G,False,,,
PL V2G,PL EV battery,PL low voltage,V2G,False,,,
PT V2G,PT EV battery,PT low voltage,V2G,False,,,
RO V2G,RO EV battery,RO low voltage,V2G,False,,,
RS V2G,RS EV battery,RS low voltage,V2G,False,,,
SE V2G,SE EV battery,SE low voltage,V2G,False,,,
SI V2G,SI EV battery,SI low voltage,V2G,False,,,
SK V2G,SK EV battery,SK low voltage,V2G,False,,,
XK V2G,XK EV battery,XK low voltage,V2G,False,,,
EU oil refining,EU oil primary,EU oil,oil refining,False,,,co2 atmosphere
AL land transport oil,EU oil,AL land transport oil,land transport oil,True,,,co2 atmosphere
AT land transport oil,EU oil,AT land transport oil,land transport oil,True,,,co2 atmosphere
BA land transport oil,EU oil,BA land transport oil,land transport oil,True,,,co2 atmosphere
BE land transport oil,EU oil,BE land transport oil,land transport oil,True,,,co2 atmosphere
BG land transport oil,EU oil,BG land transport oil,land transport oil,True,,,co2 atmosphere
CH land transport oil,EU oil,CH land transport oil,land transport oil,True,,,co2 atmosphere
CZ land transport oil,EU oil,CZ land transport oil,land transport oil,True,,,co2 atmosphere
DE land transport oil,EU oil,DE land transport oil,land transport oil,True,,,co2 atmosphere
DK land transport oil,EU oil,DK land transport oil,land transport oil,True,,,co2 atmosphere
EE land transport oil,EU oil,EE land transport oil,land transport oil,True,,,co2 atmosphere
ES land transport oil,EU oil,ES land transport oil,land transport oil,True,,,co2 atmosphere
FI land transport oil,EU oil,FI land transport oil,land transport oil,True,,,co2 atmosphere
FR land transport oil,EU oil,FR land transport oil,land transport oil,True,,,co2 atmosphere
GB land transport oil,EU oil,GB land transport oil,land transport oil,True,,,co2 atmosphere
GBI land transport oil,EU oil,GBI land transport oil,land transport oil,True,,,co2 atmosphere
GR land transport oil,EU oil,GR land transport oil,land transport oil,True,,,co2 atmosphere
HR land transport oil,EU oil,HR land transport oil,land transport oil,True,,,co2 atmosphere
HU land transport oil,EU oil,HU land transport oil,land transport oil,True,,,co2 atmosphere
IE land transport oil,EU oil,IE land transport oil,land transport oil,True,,,co2 atmosphere
IT land transport oil,EU oil,IT land transport oil,land transport oil,True,,,co2 atmosphere
LT land transport oil,EU oil,LT land transport oil,land transport oil,True,,,co2 atmosphere
LU land transport oil,EU oil,LU land transport oil,land transport oil,True,,,co2 atmosphere
LV land transport oil,EU oil,LV land transport oil,land transport oil,True,,,co2 atmosphere
ME land transport oil,EU oil,ME land transport oil,land transport oil,True,,,co2 atmosphere
MK land transport oil,EU oil,MK land transport oil,land transport oil,True,,,co2 atmosphere
NL land transport oil,EU oil,NL land transport oil,land transport oil,True,,,co2 atmosphere
NO land transport oil,EU oil,NO land transport oil,land transport oil,True,,,co2 atmosphere
PL land transport oil,EU oil,PL land transport oil,land transport oil,True,,,co2 atmosphere
PT land transport oil,EU oil,PT land transport oil,land transport oil,True,,,co2 atmosphere
RO land transport oil,EU oil,RO land transport oil,land transport oil,True,,,co2 atmosphere
RS land transport oil,EU oil,RS land transport oil,land transport oil,True,,,co2 atmosphere
SE land transport oil,EU oil,SE land transport oil,land transport oil,True,,,co2 atmosphere
SI land transport oil,EU oil,SI land transport oil,land transport oil,True,,,co2 atmosphere
SK land transport oil,EU oil,SK land transport oil,land transport oil,True,,,co2 atmosphere
XK land transport oil,EU oil,XK land transport oil,land transport oil,True,,,co2 atmosphere
AL urban central water tanks charger,AL urban central heat,AL urban central water tanks,urban central water tanks charger,True,,,
AT urban central water tanks charger,AT urban central heat,AT urban central water tanks,urban central water tanks charger,True,,,
BA urban central water tanks charger,BA urban central heat,BA urban central water tanks,urban central water tanks charger,True,,,
BE urban central water tanks charger,BE urban central heat,BE urban central water tanks,urban central water tanks charger,True,,,
BG urban central water tanks charger,BG urban central heat,BG urban central water tanks,urban central water tanks charger,True,,,
CH urban central water tanks charger,CH urban central heat,CH urban central water tanks,urban central water tanks charger,True,,,
CZ urban central water tanks charger,CZ urban central heat,CZ urban central water tanks,urban central water tanks charger,True,,,
DE urban central water tanks charger,DE urban central heat,DE urban central water tanks,urban central water tanks charger,True,,,
DK urban central water tanks charger,DK urban central heat,DK urban central water tanks,urban central water tanks charger,True,,,
EE urban central water tanks charger,EE urban central heat,EE urban central water tanks,urban central water tanks charger,True,,,
ES urban central water tanks charger,ES urban central heat,ES urban central water tanks,urban central water tanks charger,True,,,
FI urban central water tanks charger,FI urban central heat,FI urban central water tanks,urban central water tanks charger,True,,,
FR urban central water tanks charger,FR urban central heat,FR urban central water tanks,urban central water tanks charger,True,,,
GB urban central water tanks charger,GB urban central heat,GB urban central water tanks,urban central water tanks charger,True,,,
GBI urban central water tanks charger,GBI urban central heat,GBI urban central water tanks,urban central water tanks charger,True,,,
GR urban central water tanks charger,GR urban central heat,GR urban central water tanks,urban central water tanks charger,True,,,
HR urban central water tanks charger,HR urban central heat,HR urban central water tanks,urban central water tanks charger,True,,,
HU urban central water tanks charger,HU urban central heat,HU urban central water tanks,urban central water tanks charger,True,,,
IE urban central water tanks charger,IE urban central heat,IE urban central water tanks,urban central water tanks charger,True,,,
IT urban central water tanks charger,IT urban central heat,IT urban central water tanks,urban central water tanks charger,True,,,
LT urban central water tanks charger,LT urban central heat,LT urban central water tanks,urban central water tanks charger,True,,,
LU urban central water tanks charger,LU urban central heat,LU urban central water tanks,urban central water tanks charger,True,,,
LV urban central water tanks charger,LV urban central heat,LV urban central water tanks,urban central water tanks charger,True,,,
ME urban central water tanks charger,ME urban central heat,ME urban central water tanks,urban central water tanks charger,True,,,
MK urban central water tanks charger,MK urban central heat,MK urban central water tanks,urban central water tanks charger,True,,,
NL urban central water tanks charger,NL urban central heat,NL urban central water tanks,urban central water tanks charger,True,,,
NO urban central water tanks charger,NO urban central heat,NO urban central water tanks,urban central water tanks charger,True,,,
PL urban central water tanks charger,PL urban central heat,PL urban central water tanks,urban central water tanks charger,True,,,
PT urban central water tanks charger,PT urban central heat,PT urban central water tanks,urban central water tanks charger,True,,,
RO urban central water tanks charger,RO urban central heat,RO urban central water tanks,urban central water tanks charger,True,,,
RS urban central water tanks charger,RS urban central heat,RS urban central water tanks,urban central water tanks charger,True,,,
SE urban central water tanks charger,SE urban central heat,SE urban central water tanks,urban central water tanks charger,True,,,
SI urban central water tanks charger,SI urban central heat,SI urban central water tanks,urban central water tanks charger,True,,,
SK urban central water tanks charger,SK urban central heat,SK urban central water tanks,urban central water tanks charger,True,,,
XK urban central water tanks charger,XK urban central heat,XK urban central water tanks,urban central water tanks charger,True,,,
AL urban central water tanks discharger,AL urban central water tanks,AL urban central heat,urban central water tanks discharger,True,,,
AT urban central water tanks discharger,AT urban central water tanks,AT urban central heat,urban central water tanks discharger,True,,,
BA urban central water tanks discharger,BA urban central water tanks,BA urban central heat,urban central water tanks discharger,True,,,
BE urban central water tanks discharger,BE urban central water tanks,BE urban central heat,urban central water tanks discharger,True,,,
BG urban central water tanks discharger,BG urban central water tanks,BG urban central heat,urban central water tanks discharger,True,,,
CH urban central water tanks discharger,CH urban central water tanks,CH urban central heat,urban central water tanks discharger,True,,,
CZ urban central water tanks discharger,CZ urban central water tanks,CZ urban central heat,urban central water tanks discharger,True,,,
DE urban central water tanks discharger,DE urban central water tanks,DE urban central heat,urban central water tanks discharger,True,,,
DK urban central water tanks discharger,DK urban central water tanks,DK urban central heat,urban central water tanks discharger,True,,,
EE urban central water tanks discharger,EE urban central water tanks,EE urban central heat,urban central water tanks discharger,True,,,
ES urban central water tanks discharger,ES urban central water tanks,ES urban central heat,urban central water tanks discharger,True,,,
FI urban central water tanks discharger,FI urban central water tanks,FI urban central heat,urban central water tanks discharger,True,,,
FR urban central water tanks discharger,FR urban central water tanks,FR urban central heat,urban central water tanks discharger,True,,,
GB urban central water tanks discharger,GB urban central water tanks,GB urban central heat,urban central water tanks discharger,True,,,
GBI urban central water tanks discharger,GBI urban central water tanks,GBI urban central heat,urban central water tanks discharger,True,,,
GR urban central water tanks discharger,GR urban central water tanks,GR urban central heat,urban central water tanks discharger,True,,,
HR urban central water tanks discharger,HR urban central water tanks,HR urban central heat,urban central water tanks discharger,True,,,
HU urban central water tanks discharger,HU urban central water tanks,HU urban central heat,urban central water tanks discharger,True,,,
IE urban central water tanks discharger,IE urban central water tanks,IE urban central heat,urban central water tanks discharger,True,,,
IT urban central water tanks discharger,IT urban central water tanks,IT urban central heat,urban central water tanks discharger,True,,,
LT urban central water tanks discharger,LT urban central water tanks,LT urban central heat,urban central water tanks discharger,True,,,
LU urban central water tanks discharger,LU urban central water tanks,LU urban central heat,urban central water tanks discharger,True,,,
LV urban central water tanks discharger,LV urban central water tanks,LV urban central heat,urban central water tanks discharger,True,,,
ME urban central water tanks discharger,ME urban central water tanks,ME urban central heat,urban central water tanks discharger,True,,,
MK urban central water tanks discharger,MK urban central water tanks,MK urban central heat,urban central water tanks discharger,True,,,
NL urban central water tanks discharger,NL urban central water tanks,NL urban central heat,urban central water tanks discharger,True,,,
NO urban central water tanks discharger,NO urban central water tanks,NO urban central heat,urban central water tanks discharger,True,,,
PL urban central water tanks discharger,PL urban central water tanks,PL urban central heat,urban central water tanks discharger,True,,,
PT urban central water tanks discharger,PT urban central water tanks,PT urban central heat,urban central water tanks discharger,True,,,
RO urban central water tanks discharger,RO urban central water tanks,RO urban central heat,urban central water tanks discharger,True,,,
RS urban central water tanks discharger,RS urban central water tanks,RS urban central heat,urban central water tanks discharger,True,,,
SE urban central water tanks discharger,SE urban central water tanks,SE urban central heat,urban central water tanks discharger,True,,,
SI urban central water tanks discharger,SI urban central water tanks,SI urban central heat,urban central water tanks discharger,True,,,
SK urban central water tanks discharger,SK urban central water tanks,SK urban central heat,urban central water tanks discharger,True,,,
XK urban central water tanks discharger,XK urban central water tanks,XK urban central heat,urban central water tanks discharger,True,,,
AL urban central water pits charger,AL urban central heat,AL urban central water pits,urban central water pits charger,True,,,
AT urban central water pits charger,AT urban central heat,AT urban central water pits,urban central water pits charger,True,,,
BA urban central water pits charger,BA urban central heat,BA urban central water pits,urban central water pits charger,True,,,
BE urban central water pits charger,BE urban central heat,BE urban central water pits,urban central water pits charger,True,,,
BG urban central water pits charger,BG urban central heat,BG urban central water pits,urban central water pits charger,True,,,
CH urban central water pits charger,CH urban central heat,CH urban central water pits,urban central water pits charger,True,,,
CZ urban central water pits charger,CZ urban central heat,CZ urban central water pits,urban central water pits charger,True,,,
DE urban central water pits charger,DE urban central heat,DE urban central water pits,urban central water pits charger,True,,,
DK urban central water pits charger,DK urban central heat,DK urban central water pits,urban central water pits charger,True,,,
EE urban central water pits charger,EE urban central heat,EE urban central water pits,urban central water pits charger,True,,,
ES urban central water pits charger,ES urban central heat,ES urban central water pits,urban central water pits charger,True,,,
FI urban central water pits charger,FI urban central heat,FI urban central water pits,urban central water pits charger,True,,,
FR urban central water pits charger,FR urban central heat,FR urban central water pits,urban central water pits charger,True,,,
GB urban central water pits charger,GB urban central heat,GB urban central water pits,urban central water pits charger,True,,,
GBI urban central water pits charger,GBI urban central heat,GBI urban central water pits,urban central water pits charger,True,,,
GR urban central water pits charger,GR urban central heat,GR urban central water pits,urban central water pits charger,True,,,
HR urban central water pits charger,HR urban central heat,HR urban central water pits,urban central water pits charger,True,,,
HU urban central water pits charger,HU urban central heat,HU urban central water pits,urban central water pits charger,True,,,
IE urban central water pits charger,IE urban central heat,IE urban central water pits,urban central water pits charger,True,,,
IT urban central water pits charger,IT urban central heat,IT urban central water pits,urban central water pits charger,True,,,
LT urban central water pits charger,LT urban central heat,LT urban central water pits,urban central water pits charger,True,,,
LU urban central water pits charger,LU urban central heat,LU urban central water pits,urban central water pits charger,True,,,
LV urban central water pits charger,LV urban central heat,LV urban central water pits,urban central water pits charger,True,,,
ME urban central water pits charger,ME urban central heat,ME urban central water pits,urban central water pits charger,True,,,
MK urban central water pits charger,MK urban central heat,MK urban central water pits,urban central water pits charger,True,,,
NL urban central water pits charger,NL urban central heat,NL urban central water pits,urban central water pits charger,True,,,
NO urban central water pits charger,NO urban central heat,NO urban central water pits,urban central water pits charger,True,,,
PL urban central water pits charger,PL urban central heat,PL urban central water pits,urban central water pits charger,True,,,
PT urban central water pits charger,PT urban central heat,PT urban central water pits,urban central water pits charger,True,,,
RO urban central water pits charger,RO urban central heat,RO urban central water pits,urban central water pits charger,True,,,
RS urban central water pits charger,RS urban central heat,RS urban central water pits,urban central water pits charger,True,,,
SE urban central water pits charger,SE urban central heat,SE urban central water pits,urban central water pits charger,True,,,
SI urban central water pits charger,SI urban central heat,SI urban central water pits,urban central water pits charger,True,,,
SK urban central water pits charger,SK urban central heat,SK urban central water pits,urban central water pits charger,True,,,
XK urban central water pits charger,XK urban central heat,XK urban central water pits,urban central water pits charger,True,,,
AL urban central water pits discharger,AL urban central water pits,AL urban central heat,urban central water pits discharger,True,,,
AT urban central water pits discharger,AT urban central water pits,AT urban central heat,urban central water pits discharger,True,,,
BA urban central water pits discharger,BA urban central water pits,BA urban central heat,urban central water pits discharger,True,,,
BE urban central water pits discharger,BE urban central water pits,BE urban central heat,urban central water pits discharger,True,,,
BG urban central water pits discharger,BG urban central water pits,BG urban central heat,urban central water pits discharger,True,,,
CH urban central water pits discharger,CH urban central water pits,CH urban central heat,urban central water pits discharger,True,,,
CZ urban central water pits discharger,CZ urban central water pits,CZ urban central heat,urban central water pits discharger,True,,,
DE urban central water pits discharger,DE urban central water pits,DE urban central heat,urban central water pits discharger,True,,,
DK urban central water pits discharger,DK urban central water pits,DK urban central heat,urban central water pits discharger,True,,,
EE urban central water pits discharger,EE urban central water pits,EE urban central heat,urban central water pits discharger,True,,,
ES urban central water pits discharger,ES urban central water pits,ES urban central heat,urban central water pits discharger,True,,,
FI urban central water pits discharger,FI urban central water pits,FI urban central heat,urban central water pits discharger,True,,,
FR urban central water pits discharger,FR urban central water pits,FR urban central heat,urban central water pits discharger,True,,,
GB urban central water pits discharger,GB urban central water pits,GB urban central heat,urban central water pits discharger,True,,,
GBI urban central water pits discharger,GBI urban central water pits,GBI urban central heat,urban central water pits discharger,True,,,
GR urban central water pits discharger,GR urban central water pits,GR urban central heat,urban central water pits discharger,True,,,
HR urban central water pits discharger,HR urban central water pits,HR urban central heat,urban central water pits discharger,True,,,
HU urban central water pits discharger,HU urban central water pits,HU urban central heat,urban central water pits discharger,True,,,
IE urban central water pits discharger,IE urban central water pits,IE urban central heat,urban central water pits discharger,True,,,
IT urban central water pits discharger,IT urban central water pits,IT urban central heat,urban central water pits discharger,True,,,
LT urban central water pits discharger,LT urban central water pits,LT urban central heat,urban central water pits discharger,True,,,
LU urban central water pits discharger,LU urban central water pits,LU urban central heat,urban central water pits discharger,True,,,
LV urban central water pits discharger,LV urban central water pits,LV urban central heat,urban central water pits discharger,True,,,
ME urban central water pits discharger,ME urban central water pits,ME urban central heat,urban central water pits discharger,True,,,
MK urban central water pits discharger,MK urban central water pits,MK urban central heat,urban central water pits discharger,True,,,
NL urban central water pits discharger,NL urban central water pits,NL urban central heat,urban central water pits discharger,True,,,
NO urban central water pits discharger,NO urban central water pits,NO urban central heat,urban central water pits discharger,True,,,
PL urban central water pits discharger,PL urban central water pits,PL urban central heat,urban central water pits discharger,True,,,
PT urban central water pits discharger,PT urban central water pits,PT urban central heat,urban central water pits discharger,True,,,
RO urban central water pits discharger,RO urban central water pits,RO urban central heat,urban central water pits discharger,True,,,
RS urban central water pits discharger,RS urban central water pits,RS urban central heat,urban central water pits discharger,True,,,
SE urban central water pits discharger,SE urban central water pits,SE urban central heat,urban central water pits discharger,True,,,
SI urban central water pits discharger,SI urban central water pits,SI urban central heat,urban central water pits discharger,True,,,
SK urban central water pits discharger,SK urban central water pits,SK urban central heat,urban central water pits discharger,True,,,
XK urban central water pits discharger,XK urban central water pits,XK urban central heat,urban central water pits discharger,True,,,
AL urban central air heat pump,AL urban central heat,AL low voltage,urban central air heat pump,True,,,
AT urban central air heat pump,AT urban central heat,AT low voltage,urban central air heat pump,True,,,
BA urban central air heat pump,BA urban central heat,BA low voltage,urban central air heat pump,True,,,
BE urban central air heat pump,BE urban central heat,BE low voltage,urban central air heat pump,True,,,
BG urban central air heat pump,BG urban central heat,BG low voltage,urban central air heat pump,True,,,
CH urban central air heat pump,CH urban central heat,CH low voltage,urban central air heat pump,True,,,
CZ urban central air heat pump,CZ urban central heat,CZ low voltage,urban central air heat pump,True,,,
DE urban central air heat pump,DE urban central heat,DE low voltage,urban central air heat pump,True,,,
DK urban central air heat pump,DK urban central heat,DK low voltage,urban central air heat pump,True,,,
EE urban central air heat pump,EE urban central heat,EE low voltage,urban central air heat pump,True,,,
ES urban central air heat pump,ES urban central heat,ES low voltage,urban central air heat pump,True,,,
FI urban central air heat pump,FI urban central heat,FI low voltage,urban central air heat pump,True,,,
FR urban central air heat pump,FR urban central heat,FR low voltage,urban central air heat pump,True,,,
GB urban central air heat pump,GB urban central heat,GB low voltage,urban central air heat pump,True,,,
GBI urban central air heat pump,GBI urban central heat,GBI low voltage,urban central air heat pump,True,,,
GR urban central air heat pump,GR urban central heat,GR low voltage,urban central air heat pump,True,,,
HR urban central air heat pump,HR urban central heat,HR low voltage,urban central air heat pump,True,,,
HU urban central air heat pump,HU urban central heat,HU low voltage,urban central air heat pump,True,,,
IE urban central air heat pump,IE urban central heat,IE low voltage,urban central air heat pump,True,,,
IT urban central air heat pump,IT urban central heat,IT low voltage,urban central air heat pump,True,,,
LT urban central air heat pump,LT urban central heat,LT low voltage,urban central air heat pump,True,,,
LU urban central air heat pump,LU urban central heat,LU low voltage,urban central air heat pump,True,,,
LV urban central air heat pump,LV urban central heat,LV low voltage,urban central air heat pump,True,,,
ME urban central air heat pump,ME urban central heat,ME low voltage,urban central air heat pump,True,,,
MK urban central air heat pump,MK urban central heat,MK low voltage,urban central air heat pump,True,,,
NL urban central air heat pump,NL urban central heat,NL low voltage,urban central air heat pump,True,,,
NO urban central air heat pump,NO urban central heat,NO low voltage,urban central air heat pump,True,,,
PL urban central air heat pump,PL urban central heat,PL low voltage,urban central air heat pump,True,,,
PT urban central air heat pump,PT urban central heat,PT low voltage,urban central air heat pump,True,,,
RO urban central air heat pump,RO urban central heat,RO low voltage,urban central air heat pump,True,,,
RS urban central air heat pump,RS urban central heat,RS low voltage,urban central air heat pump,True,,,
SE urban central air heat pump,SE urban central heat,SE low voltage,urban central air heat pump,True,,,
SI urban central air heat pump,SI urban central heat,SI low voltage,urban central air heat pump,True,,,
SK urban central air heat pump,SK urban central heat,SK low voltage,urban central air heat pump,True,,,
XK urban central air heat pump,XK urban central heat,XK low voltage,urban central air heat pump,True,,,
AL urban central resistive heater,AL low voltage,AL urban central heat,urban central resistive heater,True,,,
AT urban central resistive heater,AT low voltage,AT urban central heat,urban central resistive heater,True,,,
BA urban central resistive heater,BA low voltage,BA urban central heat,urban central resistive heater,True,,,
BE urban central resistive heater,BE low voltage,BE urban central heat,urban central resistive heater,True,,,
BG urban central resistive heater,BG low voltage,BG urban central heat,urban central resistive heater,True,,,
CH urban central resistive heater,CH low voltage,CH urban central heat,urban central resistive heater,True,,,
CZ urban central resistive heater,CZ low voltage,CZ urban central heat,urban central resistive heater,True,,,
DE urban central resistive heater,DE low voltage,DE urban central heat,urban central resistive heater,True,,,
DK urban central resistive heater,DK low voltage,DK urban central heat,urban central resistive heater,True,,,
EE urban central resistive heater,EE low voltage,EE urban central heat,urban central resistive heater,True,,,
ES urban central resistive heater,ES low voltage,ES urban central heat,urban central resistive heater,True,,,
FI urban central resistive heater,FI low voltage,FI urban central heat,urban central resistive heater,True,,,
FR urban central resistive heater,FR low voltage,FR urban central heat,urban central resistive heater,True,,,
GB urban central resistive heater,GB low voltage,GB urban central heat,urban central resistive heater,True,,,
GBI urban central resistive heater,GBI low voltage,GBI urban central heat,urban central resistive heater,True,,,
GR urban central resistive heater,GR low voltage,GR urban central heat,urban central resistive heater,True,,,
HR urban central resistive heater,HR low voltage,HR urban central heat,urban central resistive heater,True,,,
HU urban central resistive heater,HU low voltage,HU urban central heat,urban central resistive heater,True,,,
IE urban central resistive heater,IE low voltage,IE urban central heat,urban central resistive heater,True,,,
IT urban central resistive heater,IT low voltage,IT urban central heat,urban central resistive heater,True,,,
LT urban central resistive heater,LT low voltage,LT urban central heat,urban central resistive heater,True,,,
LU urban central resistive heater,LU low voltage,LU urban central heat,urban central resistive heater,True,,,
LV urban central resistive heater,LV low voltage,LV urban central heat,urban central resistive heater,True,,,
ME urban central resistive heater,ME low voltage,ME urban central heat,urban central resistive heater,True,,,
MK urban central resistive heater,MK low voltage,MK urban central heat,urban central resistive heater,True,,,
NL urban central resistive heater,NL low voltage,NL urban central heat,urban central resistive heater,True,,,
NO urban central resistive heater,NO low voltage,NO urban central heat,urban central resistive heater,True,,,
PL urban central resistive heater,PL low voltage,PL urban central heat,urban central resistive heater,True,,,
PT urban central resistive heater,PT low voltage,PT urban central heat,urban central resistive heater,True,,,
RO urban central resistive heater,RO low voltage,RO urban central heat,urban central resistive heater,True,,,
RS urban central resistive heater,RS low voltage,RS urban central heat,urban central resistive heater,True,,,
SE urban central resistive heater,SE low voltage,SE urban central heat,urban central resistive heater,True,,,
SI urban central resistive heater,SI low voltage,SI urban central heat,urban central resistive heater,True,,,
SK urban central resistive heater,SK low voltage,SK urban central heat,urban central resistive heater,True,,,
XK urban central resistive heater,XK low voltage,XK urban central heat,urban central resistive heater,True,,,
AL urban central gas boiler,AL gas,AL urban central heat,urban central gas boiler,True,,,co2 atmosphere
AT urban central gas boiler,AT gas,AT urban central heat,urban central gas boiler,True,,,co2 atmosphere
BA urban central gas boiler,BA gas,BA urban central heat,urban central gas boiler,True,,,co2 atmosphere
BE urban central gas boiler,BE gas,BE urban central heat,urban central gas boiler,True,,,co2 atmosphere
BG urban central gas boiler,BG gas,BG urban central heat,urban central gas boiler,True,,,co2 atmosphere
CH urban central gas boiler,CH gas,CH urban central heat,urban central gas boiler,True,,,co2 atmosphere
CZ urban central gas boiler,CZ gas,CZ urban central heat,urban central gas boiler,True,,,co2 atmosphere
DE urban central gas boiler,DE gas,DE urban central heat,urban central gas boiler,True,,,co2 atmosphere
DK urban central gas boiler,DK gas,DK urban central heat,urban central gas boiler,True,,,co2 atmosphere
EE urban central gas boiler,EE gas,EE urban central heat,urban central gas boiler,True,,,co2 atmosphere
ES urban central gas boiler,ES gas,ES urban central heat,urban central gas boiler,True,,,co2 atmosphere
FI urban central gas boiler,FI gas,FI urban central heat,urban central gas boiler,True,,,co2 atmosphere
FR urban central gas boiler,FR gas,FR urban central heat,urban central gas boiler,True,,,co2 atmosphere
GB urban central gas boiler,GB gas,GB urban central heat,urban central gas boiler,True,,,co2 atmosphere
GBI urban central gas boiler,GBI gas,GBI urban central heat,urban central gas boiler,True,,,co2 atmosphere
GR urban central gas boiler,GR gas,GR urban central heat,urban central gas boiler,True,,,co2 atmosphere
HR urban central gas boiler,HR gas,HR urban central heat,urban central gas boiler,True,,,co2 atmosphere
HU urban central gas boiler,HU gas,HU urban central heat,urban central gas boiler,True,,,co2 atmosphere
IE urban central gas boiler,IE gas,IE urban central heat,urban central gas boiler,True,,,co2 atmosphere
IT urban central gas boiler,IT gas,IT urban central heat,urban central gas boiler,True,,,co2 atmosphere
LT urban central gas boiler,LT gas,LT urban central heat,urban central gas boiler,True,,,co2 atmosphere
LU urban central gas boiler,LU gas,LU urban central heat,urban central gas boiler,True,,,co2 atmosphere
LV urban central gas boiler,LV gas,LV urban central heat,urban central gas boiler,True,,,co2 atmosphere
ME urban central gas boiler,ME gas,ME urban central heat,urban central gas boiler,True,,,co2 atmosphere
MK urban central gas boiler,MK gas,MK urban central heat,urban central gas boiler,True,,,co2 atmosphere
NL urban central gas boiler,NL gas,NL urban central heat,urban central gas boiler,True,,,co2 atmosphere
NO urban central gas boiler,NO gas,NO urban central heat,urban central gas boiler,True,,,co2 atmosphere
PL urban central gas boiler,PL gas,PL urban central heat,urban central gas boiler,True,,,co2 atmosphere
PT urban central gas boiler,PT gas,PT urban central heat,urban central gas boiler,True,,,co2 atmosphere
RO urban central gas boiler,RO gas,RO urban central heat,urban central gas boiler,True,,,co2 atmosphere
RS urban central gas boiler,RS gas,RS urban central heat,urban central gas boiler,True,,,co2 atmosphere
SE urban central gas boiler,SE gas,SE urban central heat,urban central gas boiler,True,,,co2 atmosphere
SI urban central gas boiler,SI gas,SI urban central heat,urban central gas boiler,True,,,co2 atmosphere
SK urban central gas boiler,SK gas,SK urban central heat,urban central gas boiler,True,,,co2 atmosphere
XK urban central gas boiler,XK gas,XK urban central heat,urban central gas boiler,True,,,co2 atmosphere
AL urban central gas CHP,AL gas,AL,urban central gas CHP,True,,co2 atmosphere,AL urban central heat
AT urban central gas CHP,AT gas,AT,urban central gas CHP,True,,co2 atmosphere,AT urban central heat
BA urban central gas CHP,BA gas,BA,urban central gas CHP,True,,co2 atmosphere,BA urban central heat
BE urban central gas CHP,BE gas,BE,urban central gas CHP,True,,co2 atmosphere,BE urban central heat
BG urban central gas CHP,BG gas,BG,urban central gas CHP,True,,co2 atmosphere,BG urban central heat
CH urban central gas CHP,CH gas,CH,urban central gas CHP,True,,co2 atmosphere,CH urban central heat
CZ urban central gas CHP,CZ gas,CZ,urban central gas CHP,True,,co2 atmosphere,CZ urban central heat
DE urban central gas CHP,DE gas,DE,urban central gas CHP,True,,co2 atmosphere,DE urban central heat
DK urban central gas CHP,DK gas,DK,urban central gas CHP,True,,co2 atmosphere,DK urban central heat
EE urban central gas CHP,EE gas,EE,urban central gas CHP,True,,co2 atmosphere,EE urban central heat
ES urban central gas CHP,ES gas,ES,urban central gas CHP,True,,co2 atmosphere,ES urban central heat
FI urban central gas CHP,FI gas,FI,urban central gas CHP,True,,co2 atmosphere,FI urban central heat
FR urban central gas CHP,FR gas,FR,urban central gas CHP,True,,co2 atmosphere,FR urban central heat
GB urban central gas CHP,GB gas,GB,urban central gas CHP,True,,co2 atmosphere,GB urban central heat
GBI urban central gas CHP,GBI gas,GBI,urban central gas CHP,True,,co2 atmosphere,GBI urban central heat
GR urban central gas CHP,GR gas,GR,urban central gas CHP,True,,co2 atmosphere,GR urban central heat
HR urban central gas CHP,HR gas,HR,urban central gas CHP,True,,co2 atmosphere,HR urban central heat
HU urban central gas CHP,HU gas,HU,urban central gas CHP,True,,co2 atmosphere,HU urban central heat
IE urban central gas CHP,IE gas,IE,urban central gas CHP,True,,co2 atmosphere,IE urban central heat
IT urban central gas CHP,IT gas,IT,urban central gas CHP,True,,co2 atmosphere,IT urban central heat
LT urban central gas CHP,LT gas,LT,urban central gas CHP,True,,co2 atmosphere,LT urban central heat
LU urban central gas CHP,LU gas,LU,urban central gas CHP,True,,co2 atmosphere,LU urban central heat
LV urban central gas CHP,LV gas,LV,urban central gas CHP,True,,co2 atmosphere,LV urban central heat
ME urban central gas CHP,ME gas,ME,urban central gas CHP,True,,co2 atmosphere,ME urban central heat
MK urban central gas CHP,MK gas,MK,urban central gas CHP,True,,co2 atmosphere,MK urban central heat
NL urban central gas CHP,NL gas,NL,urban central gas CHP,True,,co2 atmosphere,NL urban central heat
NO urban central gas CHP,NO gas,NO,urban central gas CHP,True,,co2 atmosphere,NO urban central heat
PL urban central gas CHP,PL gas,PL,urban central gas CHP,True,,co2 atmosphere,PL urban central heat
PT urban central gas CHP,PT gas,PT,urban central gas CHP,True,,co2 atmosphere,PT urban central heat
RO urban central gas CHP,RO gas,RO,urban central gas CHP,True,,co2 atmosphere,RO urban central heat
RS urban central gas CHP,RS gas,RS,urban central gas CHP,True,,co2 atmosphere,RS urban central heat
SE urban central gas CHP,SE gas,SE,urban central gas CHP,True,,co2 atmosphere,SE urban central heat
SI urban central gas CHP,SI gas,SI,urban central gas CHP,True,,co2 atmosphere,SI urban central heat
SK urban central gas CHP,SK gas,SK,urban central gas CHP,True,,co2 atmosphere,SK urban central heat
XK urban central gas CHP,XK gas,XK,urban central gas CHP,True,,co2 atmosphere,XK urban central heat
AL urban central gas CHP CC,AL gas,AL,urban central gas CHP CC,True,AL co2 stored,co2 atmosphere,AL urban central heat
AT urban central gas CHP CC,AT gas,AT,urban central gas CHP CC,True,AT co2 stored,co2 atmosphere,AT urban central heat
BA urban central gas CHP CC,BA gas,BA,urban central gas CHP CC,True,BA co2 stored,co2 atmosphere,BA urban central heat
BE urban central gas CHP CC,BE gas,BE,urban central gas CHP CC,True,BE co2 stored,co2 atmosphere,BE urban central heat
BG urban central gas CHP CC,BG gas,BG,urban central gas CHP CC,True,BG co2 stored,co2 atmosphere,BG urban central heat
CH urban central gas CHP CC,CH gas,CH,urban central gas CHP CC,True,CH co2 stored,co2 atmosphere,CH urban central heat
CZ urban central gas CHP CC,CZ gas,CZ,urban central gas CHP CC,True,CZ co2 stored,co2 atmosphere,CZ urban central heat
DE urban central gas CHP CC,DE gas,DE,urban central gas CHP CC,True,DE co2 stored,co2 atmosphere,DE urban central heat
DK urban central gas CHP CC,DK gas,DK,urban central gas CHP CC,True,DK co2 stored,co2 atmosphere,DK urban central heat
EE urban central gas CHP CC,EE gas,EE,urban central gas CHP CC,True,EE co2 stored,co2 atmosphere,EE urban central heat
ES urban central gas CHP CC,ES gas,ES,urban central gas CHP CC,True,ES co2 stored,co2 atmosphere,ES urban central heat
FI urban central gas CHP CC,FI gas,FI,urban central gas CHP CC,True,FI co2 stored,co2 atmosphere,FI urban central heat
FR urban central gas CHP CC,FR gas,FR,urban central gas CHP CC,True,FR co2 stored,co2 atmosphere,FR urban central heat
GB urban central gas CHP CC,GB gas,GB,urban central gas CHP CC,True,GB co2 stored,co2 atmosphere,GB urban central heat
GBI urban central gas CHP CC,GBI gas,GBI,urban central gas CHP CC,True,GBI co2 stored,co2 atmosphere,GBI urban central heat
GR urban central gas CHP CC,GR gas,GR,urban central gas CHP CC,True,GR co2 stored,co2 atmosphere,GR urban central heat
HR urban central gas CHP CC,HR gas,HR,urban central gas CHP CC,True,HR co2 stored,co2 atmosphere,HR urban central heat
HU urban central gas CHP CC,HU gas,HU,urban central gas CHP CC,True,HU co2 stored,co2 atmosphere,HU urban central heat
IE urban central gas CHP CC,IE gas,IE,urban central gas CHP CC,True,IE co2 stored,co2 atmosphere,IE urban central heat
IT urban central gas CHP CC,IT gas,IT,urban central gas CHP CC,True,IT co2 stored,co2 atmosphere,IT urban central heat
LT urban central gas CHP CC,LT gas,LT,urban central gas CHP CC,True,LT co2 stored,co2 atmosphere,LT urban central heat
LU urban central gas CHP CC,LU gas,LU,urban central gas CHP CC,True,LU co2 stored,co2 atmosphere,LU urban central heat
LV urban central gas CHP CC,LV gas,LV,urban central gas CHP CC,True,LV co2 stored,co2 atmosphere,LV urban central heat
ME urban central gas CHP CC,ME gas,ME,urban central gas CHP CC,True,ME co2 stored,co2 atmosphere,ME urban central heat
MK urban central gas CHP CC,MK gas,MK,urban central gas CHP CC,True,MK co2 stored,co2 atmosphere,MK urban central heat
NL urban central gas CHP CC,NL gas,NL,urban central gas CHP CC,True,NL co2 stored,co2 atmosphere,NL urban central heat
NO urban central gas CHP CC,NO gas,NO,urban central gas CHP CC,True,NO co2 stored,co2 atmosphere,NO urban central heat
PL urban central gas CHP CC,PL gas,PL,urban central gas CHP CC,True,PL co2 stored,co2 atmosphere,PL urban central heat
PT urban central gas CHP CC,PT gas,PT,urban central gas CHP CC,True,PT co2 stored,co2 atmosphere,PT urban central heat
RO urban central gas CHP CC,RO gas,RO,urban central gas CHP CC,True,RO co2 stored,co2 atmosphere,RO urban central heat
RS urban central gas CHP CC,RS gas,RS,urban central gas CHP CC,True,RS co2 stored,co2 atmosphere,RS urban central heat
SE urban central gas CHP CC,SE gas,SE,urban central gas CHP CC,True,SE co2 stored,co2 atmosphere,SE urban central heat
SI urban central gas CHP CC,SI gas,SI,urban central gas CHP CC,True,SI co2 stored,co2 atmosphere,SI urban central heat
SK urban central gas CHP CC,SK gas,SK,urban central gas CHP CC,True,SK co2 stored,co2 atmosphere,SK urban central heat
XK urban central gas CHP CC,XK gas,XK,urban central gas CHP CC,True,XK co2 stored,co2 atmosphere,XK urban central heat
AL urban central gas boiler gas-only,AL gas,AL gas urban central heat,urban central gas boiler,True,,,co2 atmosphere
AT urban central gas boiler gas-only,AT gas,AT gas urban central heat,urban central gas boiler,True,,,co2 atmosphere
BA urban central gas boiler gas-only,BA gas,BA gas urban central heat,urban central gas boiler,True,,,co2 atmosphere
BE urban central gas boiler gas-only,BE gas,BE gas urban central heat,urban central gas boiler,True,,,co2 atmosphere
BG urban central gas boiler gas-only,BG gas,BG gas urban central heat,urban central gas boiler,True,,,co2 atmosphere
CH urban central gas boiler gas-only,CH gas,CH gas urban central heat,urban central gas boiler,True,,,co2 atmosphere
CZ urban central gas boiler gas-only,CZ gas,CZ gas urban central heat,urban central gas boiler,True,,,co2 atmosphere
DE urban central gas boiler gas-only,DE gas,DE gas urban central heat,urban central gas boiler,True,,,co2 atmosphere
DK urban central gas boiler gas-only,DK gas,DK gas urban central heat,urban central gas boiler,True,,,co2 atmosphere
EE urban central gas boiler gas-only,EE gas,EE gas urban central heat,urban central gas boiler,True,,,co2 atmosphere
ES urban central gas boiler gas-only,ES gas,ES gas urban central heat,urban central gas boiler,True,,,co2 atmosphere
FI urban central gas boiler gas-only,FI gas,FI gas urban central heat,urban central gas boiler,True,,,co2 atmosphere
FR urban central gas boiler gas-only,FR gas,FR gas urban central heat,urban central gas boiler,True,,,co2 atmosphere
GB urban central gas boiler gas-only,GB gas,GB gas urban central heat,urban central gas boiler,True,,,co2 atmosphere
GBI urban central gas boiler gas-only,GBI gas,GBI gas urban central heat,urban central gas boiler,True,,,co2 atmosphere
GR urban central gas boiler gas-only,GR gas,GR gas urban central heat,urban central gas boiler,True,,,co2 atmosphere
HR urban central gas boiler gas-only,HR gas,HR gas urban central heat,urban central gas boiler,True,,,co2 atmosphere
HU urban central gas boiler gas-only,HU gas,HU gas urban central heat,urban central gas boiler,True,,,co2 atmosphere
IE urban central gas boiler gas-only,IE gas,IE gas urban central heat,urban central gas boiler,True,,,co2 atmosphere
IT urban central gas boiler gas-only,IT gas,IT gas urban central heat,urban central gas boiler,True,,,co2 atmosphere
LT urban central gas boiler gas-only,LT gas,LT gas urban central heat,urban central gas boiler,True,,,co2 atmosphere
LU urban central gas boiler gas-only,LU gas,LU gas urban central heat,urban central gas boiler,True,,,co2 atmosphere
LV urban central gas boiler gas-only,LV gas,LV gas urban central heat,urban central gas boiler,True,,,co2 atmosphere
ME urban central gas boiler gas-only,ME gas,ME gas urban central heat,urban central gas boiler,True,,,co2 atmosphere
MK urban central gas boiler gas-only,MK gas,MK gas urban central heat,urban central gas boiler,True,,,co2 atmosphere
NL urban central gas boiler gas-only,NL gas,NL gas urban central heat,urban central gas boiler,True,,,co2 atmosphere
NO urban central gas boiler gas-only,NO gas,NO gas urban central heat,urban central gas boiler,True,,,co2 atmosphere
PL urban central gas boiler gas-only,PL gas,PL gas urban central heat,urban central gas boiler,True,,,co2 atmosphere
PT urban central gas boiler gas-only,PT gas,PT gas urban central heat,urban central gas boiler,True,,,co2 atmosphere
RO urban central gas boiler gas-only,RO gas,RO gas urban central heat,urban central gas boiler,True,,,co2 atmosphere
RS urban central gas boiler gas-only,RS gas,RS gas urban central heat,urban central gas boiler,True,,,co2 atmosphere
SE urban central gas boiler gas-only,SE gas,SE gas urban central heat,urban central gas boiler,True,,,co2 atmosphere
SI urban central gas boiler gas-only,SI gas,SI gas urban central heat,urban central gas boiler,True,,,co2 atmosphere
SK urban central gas boiler gas-only,SK gas,SK gas urban central heat,urban central gas boiler,True,,,co2 atmosphere
XK urban central gas boiler gas-only,XK gas,XK gas urban central heat,urban central gas boiler,True,,,co2 atmosphere
AL urban central gas CHP gas-only,AL gas,AL,urban central gas CHP,True,,co2 atmosphere,AL gas urban central heat
AT urban central gas CHP gas-only,AT gas,AT,urban central gas CHP,True,,co2 atmosphere,AT gas urban central heat
BA urban central gas CHP gas-only,BA gas,BA,urban central gas CHP,True,,co2 atmosphere,BA gas urban central heat
BE urban central gas CHP gas-only,BE gas,BE,urban central gas CHP,True,,co2 atmosphere,BE gas urban central heat
BG urban central gas CHP gas-only,BG gas,BG,urban central gas CHP,True,,co2 atmosphere,BG gas urban central heat
CH urban central gas CHP gas-only,CH gas,CH,urban central gas CHP,True,,co2 atmosphere,CH gas urban central heat
CZ urban central gas CHP gas-only,CZ gas,CZ,urban central gas CHP,True,,co2 atmosphere,CZ gas urban central heat
DE urban central gas CHP gas-only,DE gas,DE,urban central gas CHP,True,,co2 atmosphere,DE gas urban central heat
DK urban central gas CHP gas-only,DK gas,DK,urban central gas CHP,True,,co2 atmosphere,DK gas urban central heat
EE urban central gas CHP gas-only,EE gas,EE,urban central gas CHP,True,,co2 atmosphere,EE gas urban central heat
ES urban central gas CHP gas-only,ES gas,ES,urban central gas CHP,True,,co2 atmosphere,ES gas urban central heat
FI urban central gas CHP gas-only,FI gas,FI,urban central gas CHP,True,,co2 atmosphere,FI gas urban central heat
FR urban central gas CHP gas-only,FR gas,FR,urban central gas CHP,True,,co2 atmosphere,FR gas urban central heat
GB urban central gas CHP gas-only,GB gas,GB,urban central gas CHP,True,,co2 atmosphere,GB gas urban central heat
GBI urban central gas CHP gas-only,GBI gas,GBI,urban central gas CHP,True,,co2 atmosphere,GBI gas urban central heat
GR urban central gas CHP gas-only,GR gas,GR,urban central gas CHP,True,,co2 atmosphere,GR gas urban central heat
HR urban central gas CHP gas-only,HR gas,HR,urban central gas CHP,True,,co2 atmosphere,HR gas urban central heat
HU urban central gas CHP gas-only,HU gas,HU,urban central gas CHP,True,,co2 atmosphere,HU gas urban central heat
IE urban central gas CHP gas-only,IE gas,IE,urban central gas CHP,True,,co2 atmosphere,IE gas urban central heat
IT urban central gas CHP gas-only,IT gas,IT,urban central gas CHP,True,,co2 atmosphere,IT gas urban central heat
LT urban central gas CHP gas-only,LT gas,LT,urban central gas CHP,True,,co2 atmosphere,LT gas urban central heat
LU urban central gas CHP gas-only,LU gas,LU,urban central gas CHP,True,,co2 atmosphere,LU gas urban central heat
LV urban central gas CHP gas-only,LV gas,LV,urban central gas CHP,True,,co2 atmosphere,LV gas urban central heat
ME urban central gas CHP gas-only,ME gas,ME,urban central gas CHP,True,,co2 atmosphere,ME gas urban central heat
MK urban central gas CHP gas-only,MK gas,MK,urban central gas CHP,True,,co2 atmosphere,MK gas urban central heat
NL urban central gas CHP gas-only,NL gas,NL,urban central gas CHP,True,,co2 atmosphere,NL gas urban central heat
NO urban central gas CHP gas-only,NO gas,NO,urban central gas CHP,True,,co2 atmosphere,NO gas urban central heat
PL urban central gas CHP gas-only,PL gas,PL,urban central gas CHP,True,,co2 atmosphere,PL gas urban central heat
PT urban central gas CHP gas-only,PT gas,PT,urban central gas CHP,True,,co2 atmosphere,PT gas urban central heat
RO urban central gas CHP gas-only,RO gas,RO,urban central gas CHP,True,,co2 atmosphere,RO gas urban central heat
RS urban central gas CHP gas-only,RS gas,RS,urban central gas CHP,True,,co2 atmosphere,RS gas urban central heat
SE urban central gas CHP gas-only,SE gas,SE,urban central gas CHP,True,,co2 atmosphere,SE gas urban central heat
SI urban central gas CHP gas-only,SI gas,SI,urban central gas CHP,True,,co2 atmosphere,SI gas urban central heat
SK urban central gas CHP gas-only,SK gas,SK,urban central gas CHP,True,,co2 atmosphere,SK gas urban central heat
XK urban central gas CHP gas-only,XK gas,XK,urban central gas CHP,True,,co2 atmosphere,XK gas urban central heat
AL urban central gas CHP CC gas-only,AL gas,AL,urban central gas CHP CC,True,AL co2 stored,co2 atmosphere,AL gas urban central heat
AT urban central gas CHP CC gas-only,AT gas,AT,urban central gas CHP CC,True,AT co2 stored,co2 atmosphere,AT gas urban central heat
BA urban central gas CHP CC gas-only,BA gas,BA,urban central gas CHP CC,True,BA co2 stored,co2 atmosphere,BA gas urban central heat
BE urban central gas CHP CC gas-only,BE gas,BE,urban central gas CHP CC,True,BE co2 stored,co2 atmosphere,BE gas urban central heat
BG urban central gas CHP CC gas-only,BG gas,BG,urban central gas CHP CC,True,BG co2 stored,co2 atmosphere,BG gas urban central heat
CH urban central gas CHP CC gas-only,CH gas,CH,urban central gas CHP CC,True,CH co2 stored,co2 atmosphere,CH gas urban central heat
CZ urban central gas CHP CC gas-only,CZ gas,CZ,urban central gas CHP CC,True,CZ co2 stored,co2 atmosphere,CZ gas urban central heat
DE urban central gas CHP CC gas-only,DE gas,DE,urban central gas CHP CC,True,DE co2 stored,co2 atmosphere,DE gas urban central heat
DK urban central gas CHP CC gas-only,DK gas,DK,urban central gas CHP CC,True,DK co2 stored,co2 atmosphere,DK gas urban central heat
EE urban central gas CHP CC gas-only,EE gas,EE,urban central gas CHP CC,True,EE co2 stored,co2 atmosphere,EE gas urban central heat
ES urban central gas CHP CC gas-only,ES gas,ES,urban central gas CHP CC,True,ES co2 stored,co2 atmosphere,ES gas urban central heat
FI urban central gas CHP CC gas-only,FI gas,FI,urban central gas CHP CC,True,FI co2 stored,co2 atmosphere,FI gas urban central heat
FR urban central gas CHP CC gas-only,FR gas,FR,urban central gas CHP CC,True,FR co2 stored,co2 atmosphere,FR gas urban central heat
GB urban central gas CHP CC gas-only,GB gas,GB,urban central gas CHP CC,True,GB co2 stored,co2 atmosphere,GB gas urban central heat
GBI urban central gas CHP CC gas-only,GBI gas,GBI,urban central gas CHP CC,True,GBI co2 stored,co2 atmosphere,GBI gas urban central heat
GR urban central gas CHP CC gas-only,GR gas,GR,urban central gas CHP CC,True,GR co2 stored,co2 atmosphere,GR gas urban central heat
HR urban central gas CHP CC gas-only,HR gas,HR,urban central gas CHP CC,True,HR co2 stored,co2 atmosphere,HR gas urban central heat
HU urban central gas CHP CC gas-only,HU gas,HU,urban central gas CHP CC,True,HU co2 stored,co2 atmosphere,HU gas urban central heat
IE urban central gas CHP CC gas-only,IE gas,IE,urban central gas CHP CC,True,IE co2 stored,co2 atmosphere,IE gas urban central heat
IT urban central gas CHP CC gas-only,IT gas,IT,urban central gas CHP CC,True,IT co2 stored,co2 atmosphere,IT gas urban central heat
LT urban central gas CHP CC gas-only,LT gas,LT,urban central gas CHP CC,True,LT co2 stored,co2 atmosphere,LT gas urban central heat
LU urban central gas CHP CC gas-only,LU gas,LU,urban central gas CHP CC,True,LU co2 stored,co2 atmosphere,LU gas urban central heat
LV urban central gas CHP CC gas-only,LV gas,LV,urban central gas CHP CC,True,LV co2 stored,co2 atmosphere,LV gas urban central heat
ME urban central gas CHP CC gas-only,ME gas,ME,urban central gas CHP CC,True,ME co2 stored,co2 atmosphere,ME gas urban central heat
MK urban central gas CHP CC gas-only,MK gas,MK,urban central gas CHP CC,True,MK co2 stored,co2 atmosphere,MK gas urban central heat
NL urban central gas CHP CC gas-only,NL gas,NL,urban central gas CHP CC,True,NL co2 stored,co2 atmosphere,NL gas urban central heat
NO urban central gas CHP CC gas-only,NO gas,NO,urban central gas CHP CC,True,NO co2 stored,co2 atmosphere,NO gas urban central heat
PL urban central gas CHP CC gas-only,PL gas,PL,urban central gas CHP CC,True,PL co2 stored,co2 atmosphere,PL gas urban central heat
PT urban central gas CHP CC gas-only,PT gas,PT,urban central gas CHP CC,True,PT co2 stored,co2 atmosphere,PT gas urban central heat
RO urban central gas CHP CC gas-only,RO gas,RO,urban central gas CHP CC,True,RO co2 stored,co2 atmosphere,RO gas urban central heat
RS urban central gas CHP CC gas-only,RS gas,RS,urban central gas CHP CC,True,RS co2 stored,co2 atmosphere,RS gas urban central heat
SE urban central gas CHP CC gas-only,SE gas,SE,urban central gas CHP CC,True,SE co2 stored,co2 atmosphere,SE gas urban central heat
SI urban central gas CHP CC gas-only,SI gas,SI,urban central gas CHP CC,True,SI co2 stored,co2 atmosphere,SI gas urban central heat
SK urban central gas CHP CC gas-only,SK gas,SK,urban central gas CHP CC,True,SK co2 stored,co2 atmosphere,SK gas urban central heat
XK urban central gas CHP CC gas-only,XK gas,XK,urban central gas CHP CC,True,XK co2 stored,co2 atmosphere,XK gas urban central heat
AL urban central air heat pump electricity-only,AL electricity urban central heat,AL low voltage,urban central air heat pump,True,,,
AT urban central air heat pump electricity-only,AT electricity urban central heat,AT low voltage,urban central air heat pump,True,,,
BA urban central air heat pump electricity-only,BA electricity urban central heat,BA low voltage,urban central air heat pump,True,,,
BE urban central air heat pump electricity-only,BE electricity urban central heat,BE low voltage,urban central air heat pump,True,,,
BG urban central air heat pump electricity-only,BG electricity urban central heat,BG low voltage,urban central air heat pump,True,,,
CH urban central air heat pump electricity-only,CH electricity urban central heat,CH low voltage,urban central air heat pump,True,,,
CZ urban central air heat pump electricity-only,CZ electricity urban central heat,CZ low voltage,urban central air heat pump,True,,,
DE urban central air heat pump electricity-only,DE electricity urban central heat,DE low voltage,urban central air heat pump,True,,,
DK urban central air heat pump electricity-only,DK electricity urban central heat,DK low voltage,urban central air heat pump,True,,,
EE urban central air heat pump electricity-only,EE electricity urban central heat,EE low voltage,urban central air heat pump,True,,,
ES urban central air heat pump electricity-only,ES electricity urban central heat,ES low voltage,urban central air heat pump,True,,,
FI urban central air heat pump electricity-only,FI electricity urban central heat,FI low voltage,urban central air heat pump,True,,,
FR urban central air heat pump electricity-only,FR electricity urban central heat,FR low voltage,urban central air heat pump,True,,,
GB urban central air heat pump electricity-only,GB electricity urban central heat,GB low voltage,urban central air heat pump,True,,,
GBI urban central air heat pump electricity-only,GBI electricity urban central heat,GBI low voltage,urban central air heat pump,True,,,
GR urban central air heat pump electricity-only,GR electricity urban central heat,GR low voltage,urban central air heat pump,True,,,
HR urban central air heat pump electricity-only,HR electricity urban central heat,HR low voltage,urban central air heat pump,True,,,
HU urban central air heat pump electricity-only,HU electricity urban central heat,HU low voltage,urban central air heat pump,True,,,
IE urban central air heat pump electricity-only,IE electricity urban central heat,IE low voltage,urban central air heat pump,True,,,
IT urban central air heat pump electricity-only,IT electricity urban central heat,IT low voltage,urban central air heat pump,True,,,
LT urban central air heat pump electricity-only,LT electricity urban central heat,LT low voltage,urban central air heat pump,True,,,
LU urban central air heat pump electricity-only,LU electricity urban central heat,LU low voltage,urban central air heat pump,True,,,
LV urban central air heat pump electricity-only,LV electricity urban central heat,LV low voltage,urban central air heat pump,True,,,
ME urban central air heat pump electricity-only,ME electricity urban central heat,ME low voltage,urban central air heat pump,True,,,
MK urban central air heat pump electricity-only,MK electricity urban central heat,MK low voltage,urban central air heat pump,True,,,
NL urban central air heat pump electricity-only,NL electricity urban central heat,NL low voltage,urban central air heat pump,True,,,
NO urban central air heat pump electricity-only,NO electricity urban central heat,NO low voltage,urban central air heat pump,True,,,
PL urban central air heat pump electricity-only,PL electricity urban central heat,PL low voltage,urban central air heat pump,True,,,
PT urban central air heat pump electricity-only,PT electricity urban central heat,PT low voltage,urban central air heat pump,True,,,
RO urban central air heat pump electricity-only,RO electricity urban central heat,RO low voltage,urban central air heat pump,True,,,
RS urban central air heat pump electricity-only,RS electricity urban central heat,RS low voltage,urban central air heat pump,True,,,
SE urban central air heat pump electricity-only,SE electricity urban central heat,SE low voltage,urban central air heat pump,True,,,
SI urban central air heat pump electricity-only,SI electricity urban central heat,SI low voltage,urban central air heat pump,True,,,
SK urban central air heat pump electricity-only,SK electricity urban central heat,SK low voltage,urban central air heat pump,True,,,
XK urban central air heat pump electricity-only,XK electricity urban central heat,XK low voltage,urban central air heat pump,True,,,
AL urban central resistive heater electricity-only,AL low voltage,AL electricity urban central heat,urban central resistive heater,True,,,
AT urban central resistive heater electricity-only,AT low voltage,AT electricity urban central heat,urban central resistive heater,True,,,
BA urban central resistive heater electricity-only,BA low voltage,BA electricity urban central heat,urban central resistive heater,True,,,
BE urban central resistive heater electricity-only,BE low voltage,BE electricity urban central heat,urban central resistive heater,True,,,
BG urban central resistive heater electricity-only,BG low voltage,BG electricity urban central heat,urban central resistive heater,True,,,
CH urban central resistive heater electricity-only,CH low voltage,CH electricity urban central heat,urban central resistive heater,True,,,
CZ urban central resistive heater electricity-only,CZ low voltage,CZ electricity urban central heat,urban central resistive heater,True,,,
DE urban central resistive heater electricity-only,DE low voltage,DE electricity urban central heat,urban central resistive heater,True,,,
DK urban central resistive heater electricity-only,DK low voltage,DK electricity urban central heat,urban central resistive heater,True,,,
EE urban central resistive heater electricity-only,EE low voltage,EE electricity urban central heat,urban central resistive heater,True,,,
ES urban central resistive heater electricity-only,ES low voltage,ES electricity urban central heat,urban central resistive heater,True,,,
FI urban central resistive heater electricity-only,FI low voltage,FI electricity urban central heat,urban central resistive heater,True,,,
FR urban central resistive heater electricity-only,FR low voltage,FR electricity urban central heat,urban central resistive heater,True,,,
GB urban central resistive heater electricity-only,GB low voltage,GB electricity urban central heat,urban central resistive heater,True,,,
GBI urban central resistive heater electricity-only,GBI low voltage,GBI electricity urban central heat,urban central resistive heater,True,,,
GR urban central resistive heater electricity-only,GR low voltage,GR electricity urban central heat,urban central resistive heater,True,,,
HR urban central resistive heater electricity-only,HR low voltage,HR electricity urban central heat,urban central resistive heater,True,,,
HU urban central resistive heater electricity-only,HU low voltage,HU electricity urban central heat,urban central resistive heater,True,,,
IE urban central resistive heater electricity-only,IE low voltage,IE electricity urban central heat,urban central resistive heater,True,,,
IT urban central resistive heater electricity-only,IT low voltage,IT electricity urban central heat,urban central resistive heater,True,,,
LT urban central resistive heater electricity-only,LT low voltage,LT electricity urban central heat,urban central resistive heater,True,,,
LU urban central resistive heater electricity-only,LU low voltage,LU electricity urban central heat,urban central resistive heater,True,,,
LV urban central resistive heater electricity-only,LV low voltage,LV electricity urban central heat,urban central resistive heater,True,,,
ME urban central resistive heater electricity-only,ME low voltage,ME electricity urban central heat,urban central resistive heater,True,,,
MK urban central resistive heater electricity-only,MK low voltage,MK electricity urban central heat,urban central resistive heater,True,,,
NL urban central resistive heater electricity-only,NL low voltage,NL electricity urban central heat,urban central resistive heater,True,,,
NO urban central resistive heater electricity-only,NO low voltage,NO electricity urban central heat,urban central resistive heater,True,,,
PL urban central resistive heater electricity-only,PL low voltage,PL electricity urban central heat,urban central resistive heater,True,,,
PT urban central resistive heater electricity-only,PT low voltage,PT electricity urban central heat,urban central resistive heater,True,,,
RO urban central resistive heater electricity-only,RO low voltage,RO electricity urban central heat,urban central resistive heater,True,,,
RS urban central resistive heater electricity-only,RS low voltage,RS electricity urban central heat,urban central resistive heater,True,,,
SE urban central resistive heater electricity-only,SE low voltage,SE electricity urban central heat,urban central resistive heater,True,,,
SI urban central resistive heater electricity-only,SI low voltage,SI electricity urban central heat,urban central resistive heater,True,,,
SK urban central resistive heater electricity-only,SK low voltage,SK electricity urban central heat,urban central resistive heater,True,,,
XK urban central resistive heater electricity-only,XK low voltage,XK electricity urban central heat,urban central resistive heater,True,,,
AL unsustainable bioliquids,AL unsustainable bioliquids,EU oil,unsustainable bioliquids,False,,,co2 atmosphere
AT unsustainable bioliquids,AT unsustainable bioliquids,EU oil,unsustainable bioliquids,False,,,co2 atmosphere
BA unsustainable bioliquids,BA unsustainable bioliquids,EU oil,unsustainable bioliquids,False,,,co2 atmosphere
BE unsustainable bioliquids,BE unsustainable bioliquids,EU oil,unsustainable bioliquids,False,,,co2 atmosphere
BG unsustainable bioliquids,BG unsustainable bioliquids,EU oil,unsustainable bioliquids,False,,,co2 atmosphere
CH unsustainable bioliquids,CH unsustainable bioliquids,EU oil,unsustainable bioliquids,False,,,co2 atmosphere
CZ unsustainable bioliquids,CZ unsustainable bioliquids,EU oil,unsustainable bioliquids,False,,,co2 atmosphere
DE unsustainable bioliquids,DE unsustainable bioliquids,EU oil,unsustainable bioliquids,False,,,co2 atmosphere
DK unsustainable bioliquids,DK unsustainable bioliquids,EU oil,unsustainable bioliquids,False,,,co2 atmosphere
EE unsustainable bioliquids,EE unsustainable bioliquids,EU oil,unsustainable bioliquids,False,,,co2 atmosphere
ES unsustainable bioliquids,ES unsustainable bioliquids,EU oil,unsustainable bioliquids,False,,,co2 atmosphere
FI unsustainable bioliquids,FI unsustainable bioliquids,EU oil,unsustainable bioliquids,False,,,co2 atmosphere
FR unsustainable bioliquids,FR unsustainable bioliquids,EU oil,unsustainable bioliquids,False,,,co2 atmosphere
GB unsustainable bioliquids,GB unsustainable bioliquids,EU oil,unsustainable bioliquids,False,,,co2 atmosphere
GBI unsustainable bioliquids,GBI unsustainable bioliquids,EU oil,unsustainable bioliquids,False,,,co2 atmosphere
GR unsustainable bioliquids,GR unsustainable bioliquids,EU oil,unsustainable bioliquids,False,,,co2 atmosphere
HR unsustainable bioliquids,HR unsustainable bioliquids,EU oil,unsustainable bioliquids,False,,,co2 atmosphere
HU unsustainable bioliquids,HU unsustainable bioliquids,EU oil,unsustainable bioliquids,False,,,co2 atmosphere
IE unsustainable bioliquids,IE unsustainable bioliquids,EU oil,unsustainable bioliquids,False,,,co2 atmosphere
IT unsustainable bioliquids,IT unsustainable bioliquids,EU oil,unsustainable bioliquids,False,,,co2 atmosphere
LT unsustainable bioliquids,LT unsustainable bioliquids,EU oil,unsustainable bioliquids,False,,,co2 atmosphere
LU unsustainable bioliquids,LU unsustainable bioliquids,EU oil,unsustainable bioliquids,False,,,co2 atmosphere
LV unsustainable bioliquids,LV unsustainable bioliquids,EU oil,unsustainable bioliquids,False,,,co2 atmosphere
ME unsustainable bioliquids,ME unsustainable bioliquids,EU oil,unsustainable bioliquids,False,,,co2 atmosphere
MK unsustainable bioliquids,MK unsustainable bioliquids,EU oil,unsustainable bioliquids,False,,,co2 atmosphere
NL unsustainable bioliquids,NL unsustainable bioliquids,EU oil,unsustainable bioliquids,False,,,co2 atmosphere
NO unsustainable bioliquids,NO unsustainable bioliquids,EU oil,unsustainable bioliquids,False,,,co2 atmosphere
PL unsustainable bioliquids,PL unsustainable bioliquids,EU oil,unsustainable bioliquids,False,,,co2 atmosphere
PT unsustainable bioliquids,PT unsustainable bioliquids,EU oil,unsustainable bioliquids,False,,,co2 atmosphere
RO unsustainable bioliquids,RO unsustainable bioliquids,EU oil,unsustainable bioliquids,False,,,co2 atmosphere
RS unsustainable bioliquids,RS unsustainable bioliquids,EU oil,unsustainable bioliquids,False,,,co2 atmosphere
SE unsustainable bioliquids,SE unsustainable bioliquids,EU oil,unsustainable bioliquids,False,,,co2 atmosphere
SI unsustainable bioliquids,SI unsustainable bioliquids,EU oil,unsustainable bioliquids,False,,,co2 atmosphere
SK unsustainable bioliquids,SK unsustainable bioliquids,EU oil,unsustainable bioliquids,False,,,co2 atmosphere
XK unsustainable bioliquids,XK unsustainable bioliquids,EU oil,unsustainable bioliquids,False,,,co2 atmosphere
AL biogas to gas,AL biogas,AL gas,biogas to gas,True,,,co2 atmosphere
AT biogas to gas,AT biogas,AT gas,biogas to gas,True,,,co2 atmosphere
BA biogas to gas,BA biogas,BA gas,biogas to gas,True,,,co2 atmosphere
BE biogas to gas,BE biogas,BE gas,biogas to gas,True,,,co2 atmosphere
BG biogas to gas,BG biogas,BG gas,biogas to gas,True,,,co2 atmosphere
CH biogas to gas,CH biogas,CH gas,biogas to gas,True,,,co2 atmosphere
CZ biogas to gas,CZ biogas,CZ gas,biogas to gas,True,,,co2 atmosphere
DE biogas to gas,DE biogas,DE gas,biogas to gas,True,,,co2 atmosphere
DK biogas to gas,DK biogas,DK gas,biogas to gas,True,,,co2 atmosphere
EE biogas to gas,EE biogas,EE gas,biogas to gas,True,,,co2 atmosphere
ES biogas to gas,ES biogas,ES gas,biogas to gas,True,,,co2 atmosphere
FI biogas to gas,FI biogas,FI gas,biogas to gas,True,,,co2 atmosphere
FR biogas to gas,FR biogas,FR gas,biogas to gas,True,,,co2 atmosphere
GB biogas to gas,GB biogas,GB gas,biogas to gas,True,,,co2 atmosphere
GBI biogas to gas,GBI biogas,GBI gas,biogas to gas,True,,,co2 atmosphere
GR biogas to gas,GR biogas,GR gas,biogas to gas,True,,,co2 atmosphere
HR biogas to gas,HR biogas,HR gas,biogas to gas,True,,,co2 atmosphere
HU biogas to gas,HU biogas,HU gas,biogas to gas,True,,,co2 atmosphere
IE biogas to gas,IE biogas,IE gas,biogas to gas,True,,,co2 atmosphere
IT biogas to gas,IT biogas,IT gas,biogas to gas,True,,,co2 atmosphere
LT biogas to gas,LT biogas,LT gas,biogas to gas,True,,,co2 atmosphere
LU biogas to gas,LU biogas,LU gas,biogas to gas,True,,,co2 atmosphere
LV biogas to gas,LV biogas,LV gas,biogas to gas,True,,,co2 atmosphere
ME biogas to gas,ME biogas,ME gas,biogas to gas,True,,,co2 atmosphere
MK biogas to gas,MK biogas,MK gas,biogas to gas,True,,,co2 atmosphere
NL biogas to gas,NL biogas,NL gas,biogas to gas,True,,,co2 atmosphere
NO biogas to gas,NO biogas,NO gas,biogas to gas,True,,,co2 atmosphere
PL biogas to gas,PL biogas,PL gas,biogas to gas,True,,,co2 atmosphere
PT biogas to gas,PT biogas,PT gas,biogas to gas,True,,,co2 atmosphere
RO biogas to gas,RO biogas,RO gas,biogas to gas,True,,,co2 atmosphere
RS biogas to gas,RS biogas,RS gas,biogas to gas,True,,,co2 atmosphere
SE biogas to gas,SE biogas,SE gas,biogas to gas,True,,,co2 atmosphere
SI biogas to gas,SI biogas,SI gas,biogas to gas,True,,,co2 atmosphere
SK biogas to gas,SK biogas,SK gas,biogas to gas,True,,,co2 atmosphere
XK biogas to gas,XK biogas,XK gas,biogas to gas,True,,,co2 atmosphere
AL urban central solid biomass CHP,AL solid biomass,AL,urban central solid biomass CHP,True,,,AL urban central heat
AT urban central solid biomass CHP,AT solid biomass,AT,urban central solid biomass CHP,True,,,AT urban central heat
BA urban central solid biomass CHP,BA solid biomass,BA,urban central solid biomass CHP,True,,,BA urban central heat
BE urban central solid biomass CHP,BE solid biomass,BE,urban central solid biomass CHP,True,,,BE urban central heat
BG urban central solid biomass CHP,BG solid biomass,BG,urban central solid biomass CHP,True,,,BG urban central heat
CH urban central solid biomass CHP,CH solid biomass,CH,urban central solid biomass CHP,True,,,CH urban central heat
CZ urban central solid biomass CHP,CZ solid biomass,CZ,urban central solid biomass CHP,True,,,CZ urban central heat
DE urban central solid biomass CHP,DE solid biomass,DE,urban central solid biomass CHP,True,,,DE urban central heat
DK urban central solid biomass CHP,DK solid biomass,DK,urban central solid biomass CHP,True,,,DK urban central heat
EE urban central solid biomass CHP,EE solid biomass,EE,urban central solid biomass CHP,True,,,EE urban central heat
ES urban central solid biomass CHP,ES solid biomass,ES,urban central solid biomass CHP,True,,,ES urban central heat
FI urban central solid biomass CHP,FI solid biomass,FI,urban central solid biomass CHP,True,,,FI urban central heat
FR urban central solid biomass CHP,FR solid biomass,FR,urban central solid biomass CHP,True,,,FR urban central heat
GB urban central solid biomass CHP,GB solid biomass,GB,urban central solid biomass CHP,True,,,GB urban central heat
GBI urban central solid biomass CHP,GBI solid biomass,GBI,urban central solid biomass CHP,True,,,GBI urban central heat
GR urban central solid biomass CHP,GR solid biomass,GR,urban central solid biomass CHP,True,,,GR urban central heat
HR urban central solid biomass CHP,HR solid biomass,HR,urban central solid biomass CHP,True,,,HR urban central heat
HU urban central solid biomass CHP,HU solid biomass,HU,urban central solid biomass CHP,True,,,HU urban central heat
IE urban central solid biomass CHP,IE solid biomass,IE,urban central solid biomass CHP,True,,,IE urban central heat
IT urban central solid biomass CHP,IT solid biomass,IT,urban central solid biomass CHP,True,,,IT urban central heat
LT urban central solid biomass CHP,LT solid biomass,LT,urban central solid biomass CHP,True,,,LT urban central heat
LU urban central solid biomass CHP,LU solid biomass,LU,urban central solid biomass CHP,True,,,LU urban central heat
LV urban central solid biomass CHP,LV solid biomass,LV,urban central solid biomass CHP,True,,,LV urban central heat
ME urban central solid biomass CHP,ME solid biomass,ME,urban central solid biomass CHP,True,,,ME urban central heat
MK urban central solid biomass CHP,MK solid biomass,MK,urban central solid biomass CHP,True,,,MK urban central heat
NL urban central solid biomass CHP,NL solid biomass,NL,urban central solid biomass CHP,True,,,NL urban central heat
NO urban central solid biomass CHP,NO solid biomass,NO,urban central solid biomass CHP,True,,,NO urban central heat
PL urban central solid biomass CHP,PL solid biomass,PL,urban central solid biomass CHP,True,,,PL urban central heat
PT urban central solid biomass CHP,PT solid biomass,PT,urban central solid biomass CHP,True,,,PT urban central heat
RO urban central solid biomass CHP,RO solid biomass,RO,urban central solid biomass CHP,True,,,RO urban central heat
RS urban central solid biomass CHP,RS solid biomass,RS,urban central solid biomass CHP,True,,,RS urban central heat
SE urban central solid biomass CHP,SE solid biomass,SE,urban central solid biomass CHP,True,,,SE urban central heat
SI urban central solid biomass CHP,SI solid biomass,SI,urban central solid biomass CHP,True,,,SI urban central heat
SK urban central solid biomass CHP,SK solid biomass,SK,urban central solid biomass CHP,True,,,SK urban central heat
XK urban central solid biomass CHP,XK solid biomass,XK,urban central solid biomass CHP,True,,,XK urban central heat
AL urban central solid biomass CHP CC,AL solid biomass,AL,urban central solid biomass CHP CC,True,AL co2 stored,co2 atmosphere,AL urban central heat
AT urban central solid biomass CHP CC,AT solid biomass,AT,urban central solid biomass CHP CC,True,AT co2 stored,co2 atmosphere,AT urban central heat
BA urban central solid biomass CHP CC,BA solid biomass,BA,urban central solid biomass CHP CC,True,BA co2 stored,co2 atmosphere,BA urban central heat
BE urban central solid biomass CHP CC,BE solid biomass,BE,urban central solid biomass CHP CC,True,BE co2 stored,co2 atmosphere,BE urban central heat
BG urban central solid biomass CHP CC,BG solid biomass,BG,urban central solid biomass CHP CC,True,BG co2 stored,co2 atmosphere,BG urban central heat
CH urban central solid biomass CHP CC,CH solid biomass,CH,urban central solid biomass CHP CC,True,CH co2 stored,co2 atmosphere,CH urban central heat
CZ urban central solid biomass CHP CC,CZ solid biomass,CZ,urban central solid biomass CHP CC,True,CZ co2 stored,co2 atmosphere,CZ urban central heat
DE urban central solid biomass CHP CC,DE solid biomass,DE,urban central solid biomass CHP CC,True,DE co2 stored,co2 atmosphere,DE urban central heat
DK urban central solid biomass CHP CC,DK solid biomass,DK,urban central solid biomass CHP CC,True,DK co2 stored,co2 atmosphere,DK urban central heat
EE urban central solid biomass CHP CC,EE solid biomass,EE,urban central solid biomass CHP CC,True,EE co2 stored,co2 atmosphere,EE urban central heat
ES urban central solid biomass CHP CC,ES solid biomass,ES,urban central solid biomass CHP CC,True,ES co2 stored,co2 atmosphere,ES urban central heat
FI urban central solid biomass CHP CC,FI solid biomass,FI,urban central solid biomass CHP CC,True,FI co2 stored,co2 atmosphere,FI urban central heat
FR urban central solid biomass CHP CC,FR solid biomass,FR,urban central solid biomass CHP CC,True,FR co2 stored,co2 atmosphere,FR urban central heat
GB urban central solid biomass CHP CC,GB solid biomass,GB,urban central solid biomass CHP CC,True,GB co2 stored,co2 atmosphere,GB urban central heat
GBI urban central solid biomass CHP CC,GBI solid biomass,GBI,urban central solid biomass CHP CC,True,GBI co2 stored,co2 atmosphere,GBI urban central heat
GR urban central solid biomass CHP CC,GR solid biomass,GR,urban central solid biomass CHP CC,True,GR co2 stored,co2 atmosphere,GR urban central heat
HR urban central solid biomass CHP CC,HR solid biomass,HR,urban central solid biomass CHP CC,True,HR co2 stored,co2 atmosphere,HR urban central heat
HU urban central solid biomass CHP CC,HU solid biomass,HU,urban central solid biomass CHP CC,True,HU co2 stored,co2 atmosphere,HU urban central heat
IE urban central solid biomass CHP CC,IE solid biomass,IE,urban central solid biomass CHP CC,True,IE co2 stored,co2 atmosphere,IE urban central heat
IT urban central solid biomass CHP CC,IT solid biomass,IT,urban central solid biomass CHP CC,True,IT co2 stored,co2 atmosphere,IT urban central heat
LT urban central solid biomass CHP CC,LT solid biomass,LT,urban central solid biomass CHP CC,True,LT co2 stored,co2 atmosphere,LT urban central heat
LU urban central solid biomass CHP CC,LU solid biomass,LU,urban central solid biomass CHP CC,True,LU co2 stored,co2 atmosphere,LU urban central heat
LV urban central solid biomass CHP CC,LV solid biomass,LV,urban central solid biomass CHP CC,True,LV co2 stored,co2 atmosphere,LV urban central heat
ME urban central solid biomass CHP CC,ME solid biomass,ME,urban central solid biomass CHP CC,True,ME co2 stored,co2 atmosphere,ME urban central heat
MK urban central solid biomass CHP CC,MK solid biomass,MK,urban central solid biomass CHP CC,True,MK co2 stored,co2 atmosphere,MK urban central heat
NL urban central solid biomass CHP CC,NL solid biomass,NL,urban central solid biomass CHP CC,True,NL co2 stored,co2 atmosphere,NL urban central heat
NO urban central solid biomass CHP CC,NO solid biomass,NO,urban central solid biomass CHP CC,True,NO co2 stored,co2 atmosphere,NO urban central heat
PL urban central solid biomass CHP CC,PL solid biomass,PL,urban central solid biomass CHP CC,True,PL co2 stored,co2 atmosphere,PL urban central heat
PT urban central solid biomass CHP CC,PT solid biomass,PT,urban central solid biomass CHP CC,True,PT co2 stored,co2 atmosphere,PT urban central heat
RO urban central solid biomass CHP CC,RO solid biomass,RO,urban central solid biomass CHP CC,True,RO co2 stored,co2 atmosphere,RO urban central heat
RS urban central solid biomass CHP CC,RS solid biomass,RS,urban central solid biomass CHP CC,True,RS co2 stored,co2 atmosphere,RS urban central heat
SE urban central solid biomass CHP CC,SE solid biomass,SE,urban central solid biomass CHP CC,True,SE co2 stored,co2 atmosphere,SE urban central heat
SI urban central solid biomass CHP CC,SI solid biomass,SI,urban central solid biomass CHP CC,True,SI co2 stored,co2 atmosphere,SI urban central heat
SK urban central solid biomass CHP CC,SK solid biomass,SK,urban central solid biomass CHP CC,True,SK co2 stored,co2 atmosphere,SK urban central heat
XK urban central solid biomass CHP CC,XK solid biomass,XK,urban central solid biomass CHP CC,True,XK co2 stored,co2 atmosphere,XK urban central heat
AL solid biomass biomass to liquid,AL solid biomass,EU oil,biomass to liquid,True,,,co2 atmosphere
AT solid biomass biomass to liquid,AT solid biomass,EU oil,biomass to liquid,True,,,co2 atmosphere
BA solid biomass biomass to liquid,BA solid biomass,EU oil,biomass to liquid,True,,,co2 atmosphere
BE solid biomass biomass to liquid,BE solid biomass,EU oil,biomass to liquid,True,,,co2 atmosphere
BG solid biomass biomass to liquid,BG solid biomass,EU oil,biomass to liquid,True,,,co2 atmosphere
CH solid biomass biomass to liquid,CH solid biomass,EU oil,biomass to liquid,True,,,co2 atmosphere
CZ solid biomass biomass to liquid,CZ solid biomass,EU oil,biomass to liquid,True,,,co2 atmosphere
DE solid biomass biomass to liquid,DE solid biomass,EU oil,biomass to liquid,True,,,co2 atmosphere
DK solid biomass biomass to liquid,DK solid biomass,EU oil,biomass to liquid,True,,,co2 atmosphere
EE solid biomass biomass to liquid,EE solid biomass,EU oil,biomass to liquid,True,,,co2 atmosphere
ES solid biomass biomass to liquid,ES solid biomass,EU oil,biomass to liquid,True,,,co2 atmosphere
FI solid biomass biomass to liquid,FI solid biomass,EU oil,biomass to liquid,True,,,co2 atmosphere
FR solid biomass biomass to liquid,FR solid biomass,EU oil,biomass to liquid,True,,,co2 atmosphere
GB solid biomass biomass to liquid,GB solid biomass,EU oil,biomass to liquid,True,,,co2 atmosphere
GBI solid biomass biomass to liquid,GBI solid biomass,EU oil,biomass to liquid,True,,,co2 atmosphere
GR solid biomass biomass to liquid,GR solid biomass,EU oil,biomass to liquid,True,,,co2 atmosphere
HR solid biomass biomass to liquid,HR solid biomass,EU oil,biomass to liquid,True,,,co2 atmosphere
HU solid biomass biomass to liquid,HU solid biomass,EU oil,biomass to liquid,True,,,co2 atmosphere
IE solid biomass biomass to liquid,IE solid biomass,EU oil,biomass to liquid,True,,,co2 atmosphere
IT solid biomass biomass to liquid,IT solid biomass,EU oil,biomass to liquid,True,,,co2 atmosphere
LT solid biomass biomass to liquid,LT solid biomass,EU oil,biomass to liquid,True,,,co2 atmosphere
LU solid biomass biomass to liquid,LU solid biomass,EU oil,biomass to liquid,True,,,co2 atmosphere
LV solid biomass biomass to liquid,LV solid biomass,EU oil,biomass to liquid,True,,,co2 atmosphere
ME solid biomass biomass to liquid,ME solid biomass,EU oil,biomass to liquid,True,,,co2 atmosphere
MK solid biomass biomass to liquid,MK solid biomass,EU oil,biomass to liquid,True,,,co2 atmosphere
NL solid biomass biomass to liquid,NL solid biomass,EU oil,biomass to liquid,True,,,co2 atmosphere
NO solid biomass biomass to liquid,NO solid biomass,EU oil,biomass to liquid,True,,,co2 atmosphere
PL solid biomass biomass to liquid,PL solid biomass,EU oil,biomass to liquid,True,,,co2 atmosphere
PT solid biomass biomass to liquid,PT solid biomass,EU oil,biomass to liquid,True,,,co2 atmosphere
RO solid biomass biomass to liquid,RO solid biomass,EU oil,biomass to liquid,True,,,co2 atmosphere
RS solid biomass biomass to liquid,RS solid biomass,EU oil,biomass to liquid,True,,,co2 atmosphere
SE solid biomass biomass to liquid,SE solid biomass,EU oil,biomass to liquid,True,,,co2 atmosphere
SI solid biomass biomass to liquid,SI solid biomass,EU oil,biomass to liquid,True,,,co2 atmosphere
SK solid biomass biomass to liquid,SK solid biomass,EU oil,biomass to liquid,True,,,co2 atmosphere
XK solid biomass biomass to liquid,XK solid biomass,EU oil,biomass to liquid,True,,,co2 atmosphere
AL solid biomass AL electrobiofuels,AL solid biomass,EU oil,electrobiofuels,True,,co2 atmosphere,AL H2
AT solid biomass AT electrobiofuels,AT solid biomass,EU oil,electrobiofuels,True,,co2 atmosphere,AT H2
BA solid biomass BA electrobiofuels,BA solid biomass,EU oil,electrobiofuels,True,,co2 atmosphere,BA H2
BE solid biomass BE electrobiofuels,BE solid biomass,EU oil,electrobiofuels,True,,co2 atmosphere,BE H2
BG solid biomass BG electrobiofuels,BG solid biomass,EU oil,electrobiofuels,True,,co2 atmosphere,BG H2
CH solid biomass CH electrobiofuels,CH solid biomass,EU oil,electrobiofuels,True,,co2 atmosphere,CH H2
CZ solid biomass CZ electrobiofuels,CZ solid biomass,EU oil,electrobiofuels,True,,co2 atmosphere,CZ H2
DE solid biomass DE electrobiofuels,DE solid biomass,EU oil,electrobiofuels,True,,co2 atmosphere,DE H2
DK solid biomass DK electrobiofuels,DK solid biomass,EU oil,electrobiofuels,True,,co2 atmosphere,DK H2
EE solid biomass EE electrobiofuels,EE solid biomass,EU oil,electrobiofuels,True,,co2 atmosphere,EE H2
ES solid biomass ES electrobiofuels,ES solid biomass,EU oil,electrobiofuels,True,,co2 atmosphere,ES H2
FI solid biomass FI electrobiofuels,FI solid biomass,EU oil,electrobiofuels,True,,co2 atmosphere,FI H2
FR solid biomass FR electrobiofuels,FR solid biomass,EU oil,electrobiofuels,True,,co2 atmosphere,FR H2
GB solid biomass GB electrobiofuels,GB solid biomass,EU oil,electrobiofuels,True,,co2 atmosphere,GB H2
GBI solid biomass GBI electrobiofuels,GBI solid biomass,EU oil,electrobiofuels,True,,co2 atmosphere,GBI H2
GR solid biomass GR electrobiofuels,GR solid biomass,EU oil,electrobiofuels,True,,co2 atmosphere,GR H2
HR solid biomass HR electrobiofuels,HR solid biomass,EU oil,electrobiofuels,True,,co2 atmosphere,HR H2
HU solid biomass HU electrobiofuels,HU solid biomass,EU oil,electrobiofuels,True,,co2 atmosphere,HU H2
IE solid biomass IE electrobiofuels,IE solid biomass,EU oil,electrobiofuels,True,,co2 atmosphere,IE H2
IT solid biomass IT electrobiofuels,IT solid biomass,EU oil,electrobiofuels,True,,co2 atmosphere,IT H2
LT solid biomass LT electrobiofuels,LT solid biomass,EU oil,electrobiofuels,True,,co2 atmosphere,LT H2
LU solid biomass LU electrobiofuels,LU solid biomass,EU oil,electrobiofuels,True,,co2 atmosphere,LU H2
LV solid biomass LV electrobiofuels,LV solid biomass,EU oil,electrobiofuels,True,,co2 atmosphere,LV H2
ME solid biomass ME electrobiofuels,ME solid biomass,EU oil,electrobiofuels,True,,co2 atmosphere,ME H2
MK solid biomass MK electrobiofuels,MK solid biomass,EU oil,electrobiofuels,True,,co2 atmosphere,MK H2
NL solid biomass NL electrobiofuels,NL solid biomass,EU oil,electrobiofuels,True,,co2 atmosphere,NL H2
NO solid biomass NO electrobiofuels,NO solid biomass,EU oil,electrobiofuels,True,,co2 atmosphere,NO H2
PL solid biomass PL electrobiofuels,PL solid biomass,EU oil,electrobiofuels,True,,co2 atmosphere,PL H2
PT solid biomass PT electrobiofuels,PT solid biomass,EU oil,electrobiofuels,True,,co2 atmosphere,PT H2
RO solid biomass RO electrobiofuels,RO solid biomass,EU oil,electrobiofuels,True,,co2 atmosphere,RO H2
RS solid biomass RS electrobiofuels,RS solid biomass,EU oil,electrobiofuels,True,,co2 atmosphere,RS H2
SE solid biomass SE electrobiofuels,SE solid biomass,EU oil,electrobiofuels,True,,co2 atmosphere,SE H2
SI solid biomass SI electrobiofuels,SI solid biomass,EU oil,electrobiofuels,True,,co2 atmosphere,SI H2
SK solid biomass SK electrobiofuels,SK solid biomass,EU oil,electrobiofuels,True,,co2 atmosphere,SK H2
XK solid biomass XK electrobiofuels,XK solid biomass,EU oil,electrobiofuels,True,,co2 atmosphere,XK H2
AL Haber-Bosch,AL,EU NH3,Haber-Bosch,True,,AL urban central heat,AL H2
AT Haber-Bosch,AT,EU NH3,Haber-Bosch,True,,AT urban central heat,AT H2
BA Haber-Bosch,BA,EU NH3,Haber-Bosch,True,,BA urban central heat,BA H2
BE Haber-Bosch,BE,EU NH3,Haber-Bosch,True,,BE urban central heat,BE H2
BG Haber-Bosch,BG,EU NH3,Haber-Bosch,True,,BG urban central heat,BG H2
CH Haber-Bosch,CH,EU NH3,Haber-Bosch,True,,CH urban central heat,CH H2
CZ Haber-Bosch,CZ,EU NH3,Haber-Bosch,True,,CZ urban central heat,CZ H2
DE Haber-Bosch,DE,EU NH3,Haber-Bosch,True,,DE urban central heat,DE H2
DK Haber-Bosch,DK,EU NH3,Haber-Bosch,True,,DK urban central heat,DK H2
EE Haber-Bosch,EE,EU NH3,Haber-Bosch,True,,EE urban central heat,EE H2
ES Haber-Bosch,ES,EU NH3,Haber-Bosch,True,,ES urban central heat,ES H2
FI Haber-Bosch,FI,EU NH3,Haber-Bosch,True,,FI urban central heat,FI H2
FR Haber-Bosch,FR,EU NH3,Haber-Bosch,True,,FR urban central heat,FR H2
GB Haber-Bosch,GB,EU NH3,Haber-Bosch,True,,GB urban central heat,GB H2
GBI Haber-Bosch,GBI,EU NH3,Haber-Bosch,True,,GBI urban central heat,GBI H2
GR Haber-Bosch,GR,EU NH3,Haber-Bosch,True,,GR urban central heat,GR H2
HR Haber-Bosch,HR,EU NH3,Haber-Bosch,True,,HR urban central heat,HR H2
HU Haber-Bosch,HU,EU NH3,Haber-Bosch,True,,HU urban central heat,HU H2
IE Haber-Bosch,IE,EU NH3,Haber-Bosch,True,,IE urban central heat,IE H2
IT Haber-Bosch,IT,EU NH3,Haber-Bosch,True,,IT urban central heat,IT H2
LT Haber-Bosch,LT,EU NH3,Haber-Bosch,True,,LT urban central heat,LT H2
LU Haber-Bosch,LU,EU NH3,Haber-Bosch,True,,LU urban central heat,LU H2
LV Haber-Bosch,LV,EU NH3,Haber-Bosch,True,,LV urban central heat,LV H2
ME Haber-Bosch,ME,EU NH3,Haber-Bosch,True,,ME urban central heat,ME H2
MK Haber-Bosch,MK,EU NH3,Haber-Bosch,True,,MK urban central heat,MK H2
NL Haber-Bosch,NL,EU NH3,Haber-Bosch,True,,NL urban central heat,NL H2
NO Haber-Bosch,NO,EU NH3,Haber-Bosch,True,,NO urban central heat,NO H2
PL Haber-Bosch,PL,EU NH3,Haber-Bosch,True,,PL urban central heat,PL H2
PT Haber-Bosch,PT,EU NH3,Haber-Bosch,True,,PT urban central heat,PT H2
RO Haber-Bosch,RO,EU NH3,Haber-Bosch,True,,RO urban central heat,RO H2
RS Haber-Bosch,RS,EU NH3,Haber-Bosch,True,,RS urban central heat,RS H2
SE Haber-Bosch,SE,EU NH3,Haber-Bosch,True,,SE urban central heat,SE H2
SI Haber-Bosch,SI,EU NH3,Haber-Bosch,True,,SI urban central heat,SI H2
SK Haber-Bosch,SK,EU NH3,Haber-Bosch,True,,SK urban central heat,SK H2
XK Haber-Bosch,XK,EU NH3,Haber-Bosch,True,,XK urban central heat,XK H2
AL ammonia cracker,EU NH3,AL H2,ammonia cracker,True,,,
AT ammonia cracker,EU NH3,AT H2,ammonia cracker,True,,,
BA ammonia cracker,EU NH3,BA H2,ammonia cracker,True,,,
BE ammonia cracker,EU NH3,BE H2,ammonia cracker,True,,,
BG ammonia cracker,EU NH3,BG H2,ammonia cracker,True,,,
CH ammonia cracker,EU NH3,CH H2,ammonia cracker,True,,,
CZ ammonia cracker,EU NH3,CZ H2,ammonia cracker,True,,,
DE ammonia cracker,EU NH3,DE H2,ammonia cracker,True,,,
DK ammonia cracker,EU NH3,DK H2,ammonia cracker,True,,,
EE ammonia cracker,EU NH3,EE H2,ammonia cracker,True,,,
ES ammonia cracker,EU NH3,ES H2,ammonia cracker,True,,,
FI ammonia cracker,EU NH3,FI H2,ammonia cracker,True,,,
FR ammonia cracker,EU NH3,FR H2,ammonia cracker,True,,,
GB ammonia cracker,EU NH3,GB H2,ammonia cracker,True,,,
GBI ammonia cracker,EU NH3,GBI H2,ammonia cracker,True,,,
GR ammonia cracker,EU NH3,GR H2,ammonia cracker,True,,,
HR ammonia cracker,EU NH3,HR H2,ammonia cracker,True,,,
HU ammonia cracker,EU NH3,HU H2,ammonia cracker,True,,,
IE ammonia cracker,EU NH3,IE H2,ammonia cracker,True,,,
IT ammonia cracker,EU NH3,IT H2,ammonia cracker,True,,,
LT ammonia cracker,EU NH3,LT H2,ammonia cracker,True,,,
LU ammonia cracker,EU NH3,LU H2,ammonia cracker,True,,,
LV ammonia cracker,EU NH3,LV H2,ammonia cracker,True,,,
ME ammonia cracker,EU NH3,ME H2,ammonia cracker,True,,,
MK ammonia cracker,EU NH3,MK H2,ammonia cracker,True,,,
NL ammonia cracker,EU NH3,NL H2,ammonia cracker,True,,,
NO ammonia cracker,EU NH3,NO H2,ammonia cracker,True,,,
PL ammonia cracker,EU NH3,PL H2,ammonia cracker,True,,,
PT ammonia cracker,EU NH3,PT H2,ammonia cracker,True,,,
RO ammonia cracker,EU NH3,RO H2,ammonia cracker,True,,,
RS ammonia cracker,EU NH3,RS H2,ammonia cracker,True,,,
SE ammonia cracker,EU NH3,SE H2,ammonia cracker,True,,,
SI ammonia cracker,EU NH3,SI H2,ammonia cracker,True,,,
SK ammonia cracker,EU NH3,SK H2,ammonia cracker,True,,,
XK ammonia cracker,EU NH3,XK H2,ammonia cracker,True,,,
AL solid biomass biomass-to-methanol,AL solid biomass,EU methanol,biomass-to-methanol,True,,,co2 atmosphere
AT solid biomass biomass-to-methanol,AT solid biomass,EU methanol,biomass-to-methanol,True,,,co2 atmosphere
BA solid biomass biomass-to-methanol,BA solid biomass,EU methanol,biomass-to-methanol,True,,,co2 atmosphere
BE solid biomass biomass-to-methanol,BE solid biomass,EU methanol,biomass-to-methanol,True,,,co2 atmosphere
BG solid biomass biomass-to-methanol,BG solid biomass,EU methanol,biomass-to-methanol,True,,,co2 atmosphere
CH solid biomass biomass-to-methanol,CH solid biomass,EU methanol,biomass-to-methanol,True,,,co2 atmosphere
CZ solid biomass biomass-to-methanol,CZ solid biomass,EU methanol,biomass-to-methanol,True,,,co2 atmosphere
DE solid biomass biomass-to-methanol,DE solid biomass,EU methanol,biomass-to-methanol,True,,,co2 atmosphere
DK solid biomass biomass-to-methanol,DK solid biomass,EU methanol,biomass-to-methanol,True,,,co2 atmosphere
EE solid biomass biomass-to-methanol,EE solid biomass,EU methanol,biomass-to-methanol,True,,,co2 atmosphere
ES solid biomass biomass-to-methanol,ES solid biomass,EU methanol,biomass-to-methanol,True,,,co2 atmosphere
FI solid biomass biomass-to-methanol,FI solid biomass,EU methanol,biomass-to-methanol,True,,,co2 atmosphere
FR solid biomass biomass-to-methanol,FR solid biomass,EU methanol,biomass-to-methanol,True,,,co2 atmosphere
GB solid biomass biomass-to-methanol,GB solid biomass,EU methanol,biomass-to-methanol,True,,,co2 atmosphere
GBI solid biomass biomass-to-methanol,GBI solid biomass,EU methanol,biomass-to-methanol,True,,,co2 atmosphere
GR solid biomass biomass-to-methanol,GR solid biomass,EU methanol,biomass-to-methanol,True,,,co2 atmosphere
HR solid biomass biomass-to-methanol,HR solid biomass,EU methanol,biomass-to-methanol,True,,,co2 atmosphere
HU solid biomass biomass-to-methanol,HU solid biomass,EU methanol,biomass-to-methanol,True,,,co2 atmosphere
IE solid biomass biomass-to-methanol,IE solid biomass,EU methanol,biomass-to-methanol,True,,,co2 atmosphere
IT solid biomass biomass-to-methanol,IT solid biomass,EU methanol,biomass-to-methanol,True,,,co2 atmosphere
LT solid biomass biomass-to-methanol,LT solid biomass,EU methanol,biomass-to-methanol,True,,,co2 atmosphere
LU solid biomass biomass-to-methanol,LU solid biomass,EU methanol,biomass-to-methanol,True,,,co2 atmosphere
LV solid biomass biomass-to-methanol,LV solid biomass,EU methanol,biomass-to-methanol,True,,,co2 atmosphere
ME solid biomass biomass-to-methanol,ME solid biomass,EU methanol,biomass-to-methanol,True,,,co2 atmosphere
MK solid biomass biomass-to-methanol,MK solid biomass,EU methanol,biomass-to-methanol,True,,,co2 atmosphere
NL solid biomass biomass-to-methanol,NL solid biomass,EU methanol,biomass-to-methanol,True,,,co2 atmosphere
NO solid biomass biomass-to-methanol,NO solid biomass,EU methanol,biomass-to-methanol,True,,,co2 atmosphere
PL solid biomass biomass-to-methanol,PL solid biomass,EU methanol,biomass-to-methanol,True,,,co2 atmosphere
PT solid biomass biomass-to-methanol,PT solid biomass,EU methanol,biomass-to-methanol,True,,,co2 atmosphere
RO solid biomass biomass-to-methanol,RO solid biomass,EU methanol,biomass-to-methanol,True,,,co2 atmosphere
RS solid biomass biomass-to-methanol,RS solid biomass,EU methanol,biomass-to-methanol,True,,,co2 atmosphere
SE solid biomass biomass-to-methanol,SE solid biomass,EU methanol,biomass-to-methanol,True,,,co2 atmosphere
SI solid biomass biomass-to-methanol,SI solid biomass,EU methanol,biomass-to-methanol,True,,,co2 atmosphere
SK solid biomass biomass-to-methanol,SK solid biomass,EU methanol,biomass-to-methanol,True,,,co2 atmosphere
XK solid biomass biomass-to-methanol,XK solid biomass,EU methanol,biomass-to-methanol,True,,,co2 atmosphere
AL OCGT methanol,EU methanol,AL,OCGT methanol,True,,,co2 atmosphere
AT OCGT methanol,EU methanol,AT,OCGT methanol,True,,,co2 atmosphere
BA OCGT methanol,EU methanol,BA,OCGT methanol,True,,,co2 atmosphere
BE OCGT methanol,EU methanol,BE,OCGT methanol,True,,,co2 atmosphere
BG OCGT methanol,EU methanol,BG,OCGT methanol,True,,,co2 atmosphere
CH OCGT methanol,EU methanol,CH,OCGT methanol,True,,,co2 atmosphere
CZ OCGT methanol,EU methanol,CZ,OCGT methanol,True,,,co2 atmosphere
DE OCGT methanol,EU methanol,DE,OCGT methanol,True,,,co2 atmosphere
DK OCGT methanol,EU methanol,DK,OCGT methanol,True,,,co2 atmosphere
EE OCGT methanol,EU methanol,EE,OCGT methanol,True,,,co2 atmosphere
ES OCGT methanol,EU methanol,ES,OCGT methanol,True,,,co2 atmosphere
FI OCGT methanol,EU methanol,FI,OCGT methanol,True,,,co2 atmosphere
FR OCGT methanol,EU methanol,FR,OCGT methanol,True,,,co2 atmosphere
GB OCGT methanol,EU methanol,GB,OCGT methanol,True,,,co2 atmosphere
GBI OCGT methanol,EU methanol,GBI,OCGT methanol,True,,,co2 atmosphere
GR OCGT methanol,EU methanol,GR,OCGT methanol,True,,,co2 atmosphere
HR OCGT methanol,EU methanol,HR,OCGT methanol,True,,,co2 atmosphere
HU OCGT methanol,EU methanol,HU,OCGT methanol,True,,,co2 atmosphere
IE OCGT methanol,EU methanol,IE,OCGT methanol,True,,,co2 atmosphere
IT OCGT methanol,EU methanol,IT,OCGT methanol,True,,,co2 atmosphere
LT OCGT methanol,EU methanol,LT,OCGT methanol,True,,,co2 atmosphere
LU OCGT methanol,EU methanol,LU,OCGT methanol,True,,,co2 atmosphere
LV OCGT methanol,EU methanol,LV,OCGT methanol,True,,,co2 atmosphere
ME OCGT methanol,EU methanol,ME,OCGT methanol,True,,,co2 atmosphere
MK OCGT methanol,EU methanol,MK,OCGT methanol,True,,,co2 atmosphere
NL OCGT methanol,EU methanol,NL,OCGT methanol,True,,,co2 atmosphere
NO OCGT methanol,EU methanol,NO,OCGT methanol,True,,,co2 atmosphere
PL OCGT methanol,EU methanol,PL,OCGT methanol,True,,,co2 atmosphere
PT OCGT methanol,EU methanol,PT,OCGT methanol,True,,,co2 atmosphere
RO OCGT methanol,EU methanol,RO,OCGT methanol,True,,,co2 atmosphere
RS OCGT methanol,EU methanol,RS,OCGT methanol,True,,,co2 atmosphere
SE OCGT methanol,EU methanol,SE,OCGT methanol,True,,,co2 atmosphere
SI OCGT methanol,EU methanol,SI,OCGT methanol,True,,,co2 atmosphere
SK OCGT methanol,EU methanol,SK,OCGT methanol,True,,,co2 atmosphere
XK OCGT methanol,EU methanol,XK,OCGT methanol,True,,,co2 atmosphere
AL Methanol steam reforming,EU methanol,AL H2,Methanol steam reforming,True,,,co2 atmosphere
AT Methanol steam reforming,EU methanol,AT H2,Methanol steam reforming,True,,,co2 atmosphere
BA Methanol steam reforming,EU methanol,BA H2,Methanol steam reforming,True,,,co2 atmosphere
BE Methanol steam reforming,EU methanol,BE H2,Methanol steam reforming,True,,,co2 atmosphere
BG Methanol steam reforming,EU methanol,BG H2,Methanol steam reforming,True,,,co2 atmosphere
CH Methanol steam reforming,EU methanol,CH H2,Methanol steam reforming,True,,,co2 atmosphere
CZ Methanol steam reforming,EU methanol,CZ H2,Methanol steam reforming,True,,,co2 atmosphere
DE Methanol steam reforming,EU methanol,DE H2,Methanol steam reforming,True,,,co2 atmosphere
DK Methanol steam reforming,EU methanol,DK H2,Methanol steam reforming,True,,,co2 atmosphere
EE Methanol steam reforming,EU methanol,EE H2,Methanol steam reforming,True,,,co2 atmosphere
ES Methanol steam reforming,EU methanol,ES H2,Methanol steam reforming,True,,,co2 atmosphere
FI Methanol steam reforming,EU methanol,FI H2,Methanol steam reforming,True,,,co2 atmosphere
FR Methanol steam reforming,EU methanol,FR H2,Methanol steam reforming,True,,,co2 atmosphere
GB Methanol steam reforming,EU methanol,GB H2,Methanol steam reforming,True,,,co2 atmosphere
GBI Methanol steam reforming,EU methanol,GBI H2,Methanol steam reforming,True,,,co2 atmosphere
GR Methanol steam reforming,EU methanol,GR H2,Methanol steam reforming,True,,,co2 atmosphere
HR Methanol steam reforming,EU methanol,HR H2,Methanol steam reforming,True,,,co2 atmosphere
HU Methanol steam reforming,EU methanol,HU H2,Methanol steam reforming,True,,,co2 atmosphere
IE Methanol steam reforming,EU methanol,IE H2,Methanol steam reforming,True,,,co2 atmosphere
IT Methanol steam reforming,EU methanol,IT H2,Methanol steam reforming,True,,,co2 atmosphere
LT Methanol steam reforming,EU methanol,LT H2,Methanol steam reforming,True,,,co2 atmosphere
LU Methanol steam reforming,EU methanol,LU H2,Methanol steam reforming,True,,,co2 atmosphere
LV Methanol steam reforming,EU methanol,LV H2,Methanol steam reforming,True,,,co2 atmosphere
ME Methanol steam reforming,EU methanol,ME H2,Methanol steam reforming,True,,,co2 atmosphere
MK Methanol steam reforming,EU methanol,MK H2,Methanol steam reforming,True,,,co2 atmosphere
NL Methanol steam reforming,EU methanol,NL H2,Methanol steam reforming,True,,,co2 atmosphere
NO Methanol steam reforming,EU methanol,NO H2,Methanol steam reforming,True,,,co2 atmosphere
PL Methanol steam reforming,EU methanol,PL H2,Methanol steam reforming,True,,,co2 atmosphere
PT Methanol steam reforming,EU methanol,PT H2,Methanol steam reforming,True,,,co2 atmosphere
RO Methanol steam reforming,EU methanol,RO H2,Methanol steam reforming,True,,,co2 atmosphere
RS Methanol steam reforming,EU methanol,RS H2,Methanol steam reforming,True,,,co2 atmosphere
SE Methanol steam reforming,EU methanol,SE H2,Methanol steam reforming,True,,,co2 atmosphere
SI Methanol steam reforming,EU methanol,SI H2,Methanol steam reforming,True,,,co2 atmosphere
SK Methanol steam reforming,EU methanol,SK H2,Methanol steam reforming,True,,,co2 atmosphere
XK Methanol steam reforming,EU methanol,XK H2,Methanol steam reforming,True,,,co2 atmosphere
AL Methanol steam reforming CC,EU methanol,AL H2,Methanol steam reforming CC,True,,AL co2 stored,co2 atmosphere
AT Methanol steam reforming CC,EU methanol,AT H2,Methanol steam reforming CC,True,,AT co2 stored,co2 atmosphere
BA Methanol steam reforming CC,EU methanol,BA H2,Methanol steam reforming CC,True,,BA co2 stored,co2 atmosphere
BE Methanol steam reforming CC,EU methanol,BE H2,Methanol steam reforming CC,True,,BE co2 stored,co2 atmosphere
BG Methanol steam reforming CC,EU methanol,BG H2,Methanol steam reforming CC,True,,BG co2 stored,co2 atmosphere
CH Methanol steam reforming CC,EU methanol,CH H2,Methanol steam reforming CC,True,,CH co2 stored,co2 atmosphere
CZ Methanol steam reforming CC,EU methanol,CZ H2,Methanol steam reforming CC,True,,CZ co2 stored,co2 atmosphere
DE Methanol steam reforming CC,EU methanol,DE H2,Methanol steam reforming CC,True,,DE co2 stored,co2 atmosphere
DK Methanol steam reforming CC,EU methanol,DK H2,Methanol steam reforming CC,True,,DK co2 stored,co2 atmosphere
EE Methanol steam reforming CC,EU methanol,EE H2,Methanol steam reforming CC,True,,EE co2 stored,co2 atmosphere
ES Methanol steam reforming CC,EU methanol,ES H2,Methanol steam reforming CC,True,,ES co2 stored,co2 atmosphere
FI Methanol steam reforming CC,EU methanol,FI H2,Methanol steam reforming CC,True,,FI co2 stored,co2 atmosphere
FR Methanol steam reforming CC,EU methanol,FR H2,Methanol steam reforming CC,True,,FR co2 stored,co2 atmosphere
GB Methanol steam reforming CC,EU methanol,GB H2,Methanol steam reforming CC,True,,GB co2 stored,co2 atmosphere
GBI Methanol steam reforming CC,EU methanol,GBI H2,Methanol steam reforming CC,True,,GBI co2 stored,co2 atmosphere
GR Methanol steam reforming CC,EU methanol,GR H2,Methanol steam reforming CC,True,,GR co2 stored,co2 atmosphere
HR Methanol steam reforming CC,EU methanol,HR H2,Methanol steam reforming CC,True,,HR co2 stored,co2 atmosphere
HU Methanol steam reforming CC,EU methanol,HU H2,Methanol steam reforming CC,True,,HU co2 stored,co2 atmosphere
IE Methanol steam reforming CC,EU methanol,IE H2,Methanol steam reforming CC,True,,IE co2 stored,co2 atmosphere
IT Methanol steam reforming CC,EU methanol,IT H2,Methanol steam reforming CC,True,,IT co2 stored,co2 atmosphere
LT Methanol steam reforming CC,EU methanol,LT H2,Methanol steam reforming CC,True,,LT co2 stored,co2 atmosphere
LU Methanol steam reforming CC,EU methanol,LU H2,Methanol steam reforming CC,True,,LU co2 stored,co2 atmosphere
LV Methanol steam reforming CC,EU methanol,LV H2,Methanol steam reforming CC,True,,LV co2 stored,co2 atmosphere
ME Methanol steam reforming CC,EU methanol,ME H2,Methanol steam reforming CC,True,,ME co2 stored,co2 atmosphere
MK Methanol steam reforming CC,EU methanol,MK H2,Methanol steam reforming CC,True,,MK co2 stored,co2 atmosphere
NL Methanol steam reforming CC,EU methanol,NL H2,Methanol steam reforming CC,True,,NL co2 stored,co2 atmosphere
NO Methanol steam reforming CC,EU methanol,NO H2,Methanol steam reforming CC,True,,NO co2 stored,co2 atmosphere
PL Methanol steam reforming CC,EU methanol,PL H2,Methanol steam reforming CC,True,,PL co2 stored,co2 atmosphere
PT Methanol steam reforming CC,EU methanol,PT H2,Methanol steam reforming CC,True,,PT co2 stored,co2 atmosphere
RO Methanol steam reforming CC,EU methanol,RO H2,Methanol steam reforming CC,True,,RO co2 stored,co2 atmosphere
RS Methanol steam reforming CC,EU methanol,RS H2,Methanol steam reforming CC,True,,RS co2 stored,co2 atmosphere
SE Methanol steam reforming CC,EU methanol,SE H2,Methanol steam reforming CC,True,,SE co2 stored,co2 atmosphere
SI Methanol steam reforming CC,EU methanol,SI H2,Methanol steam reforming CC,True,,SI co2 stored,co2 atmosphere
SK Methanol steam reforming CC,EU methanol,SK H2,Methanol steam reforming CC,True,,SK co2 stored,co2 atmosphere
XK Methanol steam reforming CC,EU methanol,XK H2,Methanol steam reforming CC,True,,XK co2 stored,co2 atmosphere
AL solid biomass for industry,AL solid biomass,AL solid biomass for industry,solid biomass for industry,True,,,
AT solid biomass for industry,AT solid biomass,AT solid biomass for industry,solid biomass for industry,True,,,
BA solid biomass for industry,BA solid biomass,BA solid biomass for industry,solid biomass for industry,True,,,
BE solid biomass for industry,BE solid biomass,BE solid biomass for industry,solid biomass for industry,True,,,
BG solid biomass for industry,BG solid biomass,BG solid biomass for industry,solid biomass for industry,True,,,
CH solid biomass for industry,CH solid biomass,CH solid biomass for industry,solid biomass for industry,True,,,
CZ solid biomass for industry,CZ solid biomass,CZ solid biomass for industry,solid biomass for industry,True,,,
DE solid biomass for industry,DE solid biomass,DE solid biomass for industry,solid biomass for industry,True,,,
DK solid biomass for industry,DK solid biomass,DK solid biomass for industry,solid biomass for industry,True,,,
EE solid biomass for industry,EE solid biomass,EE solid biomass for industry,solid biomass for industry,True,,,
ES solid biomass for industry,ES solid biomass,ES solid biomass for industry,solid biomass for industry,True,,,
FI solid biomass for industry,FI solid biomass,FI solid biomass for industry,solid biomass for industry,True,,,
FR solid biomass for industry,FR solid biomass,FR solid biomass for industry,solid biomass for industry,True,,,
GB solid biomass for industry,GB solid biomass,GB solid biomass for industry,solid biomass for industry,True,,,
GBI solid biomass for industry,GBI solid biomass,GBI solid biomass for industry,solid biomass for industry,True,,,
GR solid biomass for industry,GR solid biomass,GR solid biomass for industry,solid biomass for industry,True,,,
HR solid biomass for industry,HR solid biomass,HR solid biomass for industry,solid biomass for industry,True,,,
HU solid biomass for industry,HU solid biomass,HU solid biomass for industry,solid biomass for industry,True,,,
IE solid biomass for industry,IE solid biomass,IE solid biomass for industry,solid biomass for industry,True,,,
IT solid biomass for industry,IT solid biomass,IT solid biomass for industry,solid biomass for industry,True,,,
LT solid biomass for industry,LT solid biomass,LT solid biomass for industry,solid biomass for industry,True,,,
LU solid biomass for industry,LU solid biomass,LU solid biomass for industry,solid biomass for industry,True,,,
LV solid biomass for industry,LV solid biomass,LV solid biomass for industry,solid biomass for industry,True,,,
ME solid biomass for industry,ME solid biomass,ME solid biomass for industry,solid biomass for industry,True,,,
MK solid biomass for industry,MK solid biomass,MK solid biomass for industry,solid biomass for industry,True,,,
NL solid biomass for industry,NL solid biomass,NL solid biomass for industry,solid biomass for industry,True,,,
NO solid biomass for industry,NO solid biomass,NO solid biomass for industry,solid biomass for industry,True,,,
PL solid biomass for industry,PL solid biomass,PL solid biomass for industry,solid biomass for industry,True,,,
PT solid biomass for industry,PT solid biomass,PT solid biomass for industry,solid biomass for industry,True,,,
RO solid biomass for industry,RO solid biomass,RO solid biomass for industry,solid biomass for industry,True,,,
RS solid biomass for industry,RS solid biomass,RS solid biomass for industry,solid biomass for industry,True,,,
SE solid biomass for industry,SE solid biomass,SE solid biomass for industry,solid biomass for industry,True,,,
SI solid biomass for industry,SI solid biomass,SI solid biomass for industry,solid biomass for industry,True,,,
SK solid biomass for industry,SK solid biomass,SK solid biomass for industry,solid biomass for industry,True,,,
XK solid biomass for industry,XK solid biomass,XK solid biomass for industry,solid biomass for industry,True,,,
AL solid biomass for industry CC,AL solid biomass,AL solid biomass for industry,solid biomass for industry CC,True,,AL co2 stored,co2 atmosphere
AT solid biomass for industry CC,AT solid biomass,AT solid biomass for industry,solid biomass for industry CC,True,,AT co2 stored,co2 atmosphere
BA solid biomass for industry CC,BA solid biomass,BA solid biomass for industry,solid biomass for industry CC,True,,BA co2 stored,co2 atmosphere
BE solid biomass for industry CC,BE solid biomass,BE solid biomass for industry,solid biomass for industry CC,True,,BE co2 stored,co2 atmosphere
BG solid biomass for industry CC,BG solid biomass,BG solid biomass for industry,solid biomass for industry CC,True,,BG co2 stored,co2 atmosphere
CH solid biomass for industry CC,CH solid biomass,CH solid biomass for industry,solid biomass for industry CC,True,,CH co2 stored,co2 atmosphere
CZ solid biomass for industry CC,CZ solid biomass,CZ solid biomass for industry,solid biomass for industry CC,True,,CZ co2 stored,co2 atmosphere
DE solid biomass for industry CC,DE solid biomass,DE solid biomass for industry,solid biomass for industry CC,True,,DE co2 stored,co2 atmosphere
DK solid biomass for industry CC,DK solid biomass,DK solid biomass for industry,solid biomass for industry CC,True,,DK co2 stored,co2 atmosphere
EE solid biomass for industry CC,EE solid biomass,EE solid biomass for industry,solid biomass for industry CC,True,,EE co2 stored,co2 atmosphere
ES solid biomass for industry CC,ES solid biomass,ES solid biomass for industry,solid biomass for industry CC,True,,ES co2 stored,co2 atmosphere
FI solid biomass for industry CC,FI solid biomass,FI solid biomass for industry,solid biomass for industry CC,True,,FI co2 stored,co2 atmosphere
FR solid biomass for industry CC,FR solid biomass,FR solid biomass for industry,solid biomass for industry CC,True,,FR co2 stored,co2 atmosphere
GB solid biomass for industry CC,GB solid biomass,GB solid biomass for industry,solid biomass for industry CC,True,,GB co2 stored,co2 atmosphere
GBI solid biomass for industry CC,GBI solid biomass,GBI solid biomass for industry,solid biomass for industry CC,True,,GBI co2 stored,co2 atmosphere
GR solid biomass for industry CC,GR solid biomass,GR solid biomass for industry,solid biomass for industry CC,True,,GR co2 stored,co2 atmosphere
HR solid biomass for industry CC,HR solid biomass,HR solid biomass for industry,solid biomass for industry CC,True,,HR co2 stored,co2 atmosphere
HU solid biomass for industry CC,HU solid biomass,HU solid biomass for industry,solid biomass for industry CC,True,,HU co2 stored,co2 atmosphere
IE solid biomass for industry CC,IE solid biomass,IE solid biomass for industry,solid biomass for industry CC,True,,IE co2 stored,co2 atmosphere
IT solid biomass for industry CC,IT solid biomass,IT solid biomass for industry,solid biomass for industry CC,True,,IT co2 stored,co2 atmosphere
LT solid biomass for industry CC,LT solid biomass,LT solid biomass for industry,solid biomass for industry CC,True,,LT co2 stored,co2 atmosphere
LU solid biomass for industry CC,LU solid biomass,LU solid biomass for industry,solid biomass for industry CC,True,,LU co2 stored,co2 atmosphere
LV solid biomass for industry CC,LV solid biomass,LV solid biomass for industry,solid biomass for industry CC,True,,LV co2 stored,co2 atmosphere
ME solid biomass for industry CC,ME solid biomass,ME solid biomass for industry,solid biomass for industry CC,True,,ME co2 stored,co2 atmosphere
MK solid biomass for industry CC,MK solid biomass,MK solid biomass for industry,solid biomass for industry CC,True,,MK co2 stored,co2 atmosphere
NL solid biomass for industry CC,NL solid biomass,NL solid biomass for industry,solid biomass for industry CC,True,,NL co2 stored,co2 atmosphere
NO solid biomass for industry CC,NO solid biomass,NO solid biomass for industry,solid biomass for industry CC,True,,NO co2 stored,co2 atmosphere
PL solid biomass for industry CC,PL solid biomass,PL solid biomass for industry,solid biomass for industry CC,True,,PL co2 stored,co2 atmosphere
PT solid biomass for industry CC,PT solid biomass,PT solid biomass for industry,solid biomass for industry CC,True,,PT co2 stored,co2 atmosphere
RO solid biomass for industry CC,RO solid biomass,RO solid biomass for industry,solid biomass for industry CC,True,,RO co2 stored,co2 atmosphere
RS solid biomass for industry CC,RS solid biomass,RS solid biomass for industry,solid biomass for industry CC,True,,RS co2 stored,co2 atmosphere
SE solid biomass for industry CC,SE solid biomass,SE solid biomass for industry,solid biomass for industry CC,True,,SE co2 stored,co2 atmosphere
SI solid biomass for industry CC,SI solid biomass,SI solid biomass for industry,solid biomass for industry CC,True,,SI co2 stored,co2 atmosphere
SK solid biomass for industry CC,SK solid biomass,SK solid biomass for industry,solid biomass for industry CC,True,,SK co2 stored,co2 atmosphere
XK solid biomass for industry CC,XK solid biomass,XK solid biomass for industry,solid biomass for industry CC,True,,XK co2 stored,co2 atmosphere
AL gas for industry,AL gas,AL gas for industry,gas for industry,True,,,co2 atmosphere
AT gas for industry,AT gas,AT gas for industry,gas for industry,True,,,co2 atmosphere
BA gas for industry,BA gas,BA gas for industry,gas for industry,True,,,co2 atmosphere
BE gas for industry,BE gas,BE gas for industry,gas for industry,True,,,co2 atmosphere
BG gas for industry,BG gas,BG gas for industry,gas for industry,True,,,co2 atmosphere
CH gas for industry,CH gas,CH gas for industry,gas for industry,True,,,co2 atmosphere
CZ gas for industry,CZ gas,CZ gas for industry,gas for industry,True,,,co2 atmosphere
DE gas for industry,DE gas,DE gas for industry,gas for industry,True,,,co2 atmosphere
DK gas for industry,DK gas,DK gas for industry,gas for industry,True,,,co2 atmosphere
EE gas for industry,EE gas,EE gas for industry,gas for industry,True,,,co2 atmosphere
ES gas for industry,ES gas,ES gas for industry,gas for industry,True,,,co2 atmosphere
FI gas for industry,FI gas,FI gas for industry,gas for industry,True,,,co2 atmosphere
FR gas for industry,FR gas,FR gas for industry,gas for industry,True,,,co2 atmosphere
GB gas for industry,GB gas,GB gas for industry,gas for industry,True,,,co2 atmosphere
GBI gas for industry,GBI gas,GBI gas for industry,gas for industry,True,,,co2 atmosphere
GR gas for industry,GR gas,GR gas for industry,gas for industry,True,,,co2 atmosphere
HR gas for industry,HR gas,HR gas for industry,gas for industry,True,,,co2 atmosphere
HU gas for industry,HU gas,HU gas for industry,gas for industry,True,,,co2 atmosphere
IE gas for industry,IE gas,IE gas for industry,gas for industry,True,,,co2 atmosphere
IT gas for industry,IT gas,IT gas for industry,gas for industry,True,,,co2 atmosphere
LT gas for industry,LT gas,LT gas for industry,gas for industry,True,,,co2 atmosphere
LU gas for industry,LU gas,LU gas for industry,gas for industry,True,,,co2 atmosphere
LV gas for industry,LV gas,LV gas for industry,gas for industry,True,,,co2 atmosphere
ME gas for industry,ME gas,ME gas for industry,gas for industry,True,,,co2 atmosphere
MK gas for industry,MK gas,MK gas for industry,gas for industry,True,,,co2 atmosphere
NL gas for industry,NL gas,NL gas for industry,gas for industry,True,,,co2 atmosphere
NO gas for industry,NO gas,NO gas for industry,gas for industry,True,,,co2 atmosphere
PL gas for industry,PL gas,PL gas for industry,gas for industry,True,,,co2 atmosphere
PT gas for industry,PT gas,PT gas for industry,gas for industry,True,,,co2 atmosphere
RO gas for industry,RO gas,RO gas for industry,gas for industry,True,,,co2 atmosphere
RS gas for industry,RS gas,RS gas for industry,gas for industry,True,,,co2 atmosphere
SE gas for industry,SE gas,SE gas for industry,gas for industry,True,,,co2 atmosphere
SI gas for industry,SI gas,SI gas for industry,gas for industry,True,,,co2 atmosphere
SK gas for industry,SK gas,SK gas for industry,gas for industry,True,,,co2 atmosphere
XK gas for industry,XK gas,XK gas for industry,gas for industry,True,,,co2 atmosphere
AL gas for industry CC,AL gas,AL gas for industry,gas for industry CC,True,,AL co2 stored,co2 atmosphere
AT gas for industry CC,AT gas,AT gas for industry,gas for industry CC,True,,AT co2 stored,co2 atmosphere
BA gas for industry CC,BA gas,BA gas for industry,gas for industry CC,True,,BA co2 stored,co2 atmosphere
BE gas for industry CC,BE gas,BE gas for industry,gas for industry CC,True,,BE co2 stored,co2 atmosphere
BG gas for industry CC,BG gas,BG gas for industry,gas for industry CC,True,,BG co2 stored,co2 atmosphere
CH gas for industry CC,CH gas,CH gas for industry,gas for industry CC,True,,CH co2 stored,co2 atmosphere
CZ gas for industry CC,CZ gas,CZ gas for industry,gas for industry CC,True,,CZ co2 stored,co2 atmosphere
DE gas for industry CC,DE gas,DE gas for industry,gas for industry CC,True,,DE co2 stored,co2 atmosphere
DK gas for industry CC,DK gas,DK gas for industry,gas for industry CC,True,,DK co2 stored,co2 atmosphere
EE gas for industry CC,EE gas,EE gas for industry,gas for industry CC,True,,EE co2 stored,co2 atmosphere
ES gas for industry CC,ES gas,ES gas for industry,gas for industry CC,True,,ES co2 stored,co2 atmosphere
FI gas for industry CC,FI gas,FI gas for industry,gas for industry CC,True,,FI co2 stored,co2 atmosphere
FR gas for industry CC,FR gas,FR gas for industry,gas for industry CC,True,,FR co2 stored,co2 atmosphere
GB gas for industry CC,GB gas,GB gas for industry,gas for industry CC,True,,GB co2 stored,co2 atmosphere
GBI gas for industry CC,GBI gas,GBI gas for industry,gas for industry CC,True,,GBI co2 stored,co2 atmosphere
GR gas for industry CC,GR gas,GR gas for industry,gas for industry CC,True,,GR co2 stored,co2 atmosphere
HR gas for industry CC,HR gas,HR gas for industry,gas for industry CC,True,,HR co2 stored,co2 atmosphere
HU gas for industry CC,HU gas,HU gas for industry,gas for industry CC,True,,HU co2 stored,co2 atmosphere
IE gas for industry CC,IE gas,IE gas for industry,gas for industry CC,True,,IE co2 stored,co2 atmosphere
IT gas for industry CC,IT gas,IT gas for industry,gas for industry CC,True,,IT co2 stored,co2 atmosphere
LT gas for industry CC,LT gas,LT gas for industry,gas for industry CC,True,,LT co2 stored,co2 atmosphere
LU gas for industry CC,LU gas,LU gas for industry,gas for industry CC,True,,LU co2 stored,co2 atmosphere
LV gas for industry CC,LV gas,LV gas for industry,gas for industry CC,True,,LV co2 stored,co2 atmosphere
ME gas for industry CC,ME gas,ME gas for industry,gas for industry CC,True,,ME co2 stored,co2 atmosphere
MK gas for industry CC,MK gas,MK gas for industry,gas for industry CC,True,,MK co2 stored,co2 atmosphere
NL gas for industry CC,NL gas,NL gas for industry,gas for industry CC,True,,NL co2 stored,co2 atmosphere
NO gas for industry CC,NO gas,NO gas for industry,gas for industry CC,True,,NO co2 stored,co2 atmosphere
PL gas for industry CC,PL gas,PL gas for industry,gas for industry CC,True,,PL co2 stored,co2 atmosphere
PT gas for industry CC,PT gas,PT gas for industry,gas for industry CC,True,,PT co2 stored,co2 atmosphere
RO gas for industry CC,RO gas,RO gas for industry,gas for industry CC,True,,RO co2 stored,co2 atmosphere
RS gas for industry CC,RS gas,RS gas for industry,gas for industry CC,True,,RS co2 stored,co2 atmosphere
SE gas for industry CC,SE gas,SE gas for industry,gas for industry CC,True,,SE co2 stored,co2 atmosphere
SI gas for industry CC,SI gas,SI gas for industry,gas for industry CC,True,,SI co2 stored,co2 atmosphere
SK gas for industry CC,SK gas,SK gas for industry,gas for industry CC,True,,SK co2 stored,co2 atmosphere
XK gas for industry CC,XK gas,XK gas for industry,gas for industry CC,True,,XK co2 stored,co2 atmosphere
AL industry methanol,EU methanol,AL industry methanol,industry methanol,True,,,co2 atmosphere
AT industry methanol,EU methanol,AT industry methanol,industry methanol,True,,,co2 atmosphere
BA industry methanol,EU methanol,BA industry methanol,industry methanol,True,,,co2 atmosphere
BE industry methanol,EU methanol,BE industry methanol,industry methanol,True,,,co2 atmosphere
BG industry methanol,EU methanol,BG industry methanol,industry methanol,True,,,co2 atmosphere
CH industry methanol,EU methanol,CH industry methanol,industry methanol,True,,,co2 atmosphere
CZ industry methanol,EU methanol,CZ industry methanol,industry methanol,True,,,co2 atmosphere
DE industry methanol,EU methanol,DE industry methanol,industry methanol,True,,,co2 atmosphere
DK industry methanol,EU methanol,DK industry methanol,industry methanol,True,,,co2 atmosphere
EE industry methanol,EU methanol,EE industry methanol,industry methanol,True,,,co2 atmosphere
ES industry methanol,EU methanol,ES industry methanol,industry methanol,True,,,co2 atmosphere
FI industry methanol,EU methanol,FI industry methanol,industry methanol,True,,,co2 atmosphere
FR industry methanol,EU methanol,FR industry methanol,industry methanol,True,,,co2 atmosphere
GB industry methanol,EU methanol,GB industry methanol,industry methanol,True,,,co2 atmosphere
GBI industry methanol,EU methanol,GBI industry methanol,industry methanol,True,,,co2 atmosphere
GR industry methanol,EU methanol,GR industry methanol,industry methanol,True,,,co2 atmosphere
HR industry methanol,EU methanol,HR industry methanol,industry methanol,True,,,co2 atmosphere
HU industry methanol,EU methanol,HU industry methanol,industry methanol,True,,,co2 atmosphere
IE industry methanol,EU methanol,IE industry methanol,industry methanol,True,,,co2 atmosphere
IT industry methanol,EU methanol,IT industry methanol,industry methanol,True,,,co2 atmosphere
LT industry methanol,EU methanol,LT industry methanol,industry methanol,True,,,co2 atmosphere
LU industry methanol,EU methanol,LU industry methanol,industry methanol,True,,,co2 atmosphere
LV industry methanol,EU methanol,LV industry methanol,industry methanol,True,,,co2 atmosphere
ME industry methanol,EU methanol,ME industry methanol,industry methanol,True,,,co2 atmosphere
MK industry methanol,EU methanol,MK industry methanol,industry methanol,True,,,co2 atmosphere
NL industry methanol,EU methanol,NL industry methanol,industry methanol,True,,,co2 atmosphere
NO industry methanol,EU methanol,NO industry methanol,industry methanol,True,,,co2 atmosphere
PL industry methanol,EU methanol,PL industry methanol,industry methanol,True,,,co2 atmosphere
PT industry methanol,EU methanol,PT industry methanol,industry methanol,True,,,co2 atmosphere
RO industry methanol,EU methanol,RO industry methanol,industry methanol,True,,,co2 atmosphere
RS industry methanol,EU methanol,RS industry methanol,industry methanol,True,,,co2 atmosphere
SE industry methanol,EU methanol,SE industry methanol,industry methanol,True,,,co2 atmosphere
SI industry methanol,EU methanol,SI industry methanol,industry methanol,True,,,co2 atmosphere
SK industry methanol,EU methanol,SK industry methanol,industry methanol,True,,,co2 atmosphere
XK industry methanol,EU methanol,XK industry methanol,industry methanol,True,,,co2 atmosphere
AL methanolisation,AL H2,EU methanol,methanolisation,True,AL urban central heat,AL co2 stored,AL
AT methanolisation,AT H2,EU methanol,methanolisation,True,AT urban central heat,AT co2 stored,AT
BA methanolisation,BA H2,EU methanol,methanolisation,True,BA urban central heat,BA co2 stored,BA
BE methanolisation,BE H2,EU methanol,methanolisation,True,BE urban central heat,BE co2 stored,BE
BG methanolisation,BG H2,EU methanol,methanolisation,True,BG urban central heat,BG co2 stored,BG
CH methanolisation,CH H2,EU methanol,methanolisation,True,CH urban central heat,CH co2 stored,CH
CZ methanolisation,CZ H2,EU methanol,methanolisation,True,CZ urban central heat,CZ co2 stored,CZ
DE methanolisation,DE H2,EU methanol,methanolisation,True,DE urban central heat,DE co2 stored,DE
DK methanolisation,DK H2,EU methanol,methanolisation,True,DK urban central heat,DK co2 stored,DK
EE methanolisation,EE H2,EU methanol,methanolisation,True,EE urban central heat,EE co2 stored,EE
ES methanolisation,ES H2,EU methanol,methanolisation,True,ES urban central heat,ES co2 stored,ES
FI methanolisation,FI H2,EU methanol,methanolisation,True,FI urban central heat,FI co2 stored,FI
FR methanolisation,FR H2,EU methanol,methanolisation,True,FR urban central heat,FR co2 stored,FR
GB methanolisation,GB H2,EU methanol,methanolisation,True,GB urban central heat,GB co2 stored,GB
GBI methanolisation,GBI H2,EU methanol,methanolisation,True,GBI urban central heat,GBI co2 stored,GBI
GR methanolisation,GR H2,EU methanol,methanolisation,True,GR urban central heat,GR co2 stored,GR
HR methanolisation,HR H2,EU methanol,methanolisation,True,HR urban central heat,HR co2 stored,HR
HU methanolisation,HU H2,EU methanol,methanolisation,True,HU urban central heat,HU co2 stored,HU
IE methanolisation,IE H2,EU methanol,methanolisation,True,IE urban central heat,IE co2 stored,IE
IT methanolisation,IT H2,EU methanol,methanolisation,True,IT urban central heat,IT co2 stored,IT
LT methanolisation,LT H2,EU methanol,methanolisation,True,LT urban central heat,LT co2 stored,LT
LU methanolisation,LU H2,EU methanol,methanolisation,True,LU urban central heat,LU co2 stored,LU
LV methanolisation,LV H2,EU methanol,methanolisation,True,LV urban central heat,LV co2 stored,LV
ME methanolisation,ME H2,EU methanol,methanolisation,True,ME urban central heat,ME co2 stored,ME
MK methanolisation,MK H2,EU methanol,methanolisation,True,MK urban central heat,MK co2 stored,MK
NL methanolisation,NL H2,EU methanol,methanolisation,True,NL urban central heat,NL co2 stored,NL
NO methanolisation,NO H2,EU methanol,methanolisation,True,NO urban central heat,NO co2 stored,NO
PL methanolisation,PL H2,EU methanol,methanolisation,True,PL urban central heat,PL co2 stored,PL
PT methanolisation,PT H2,EU methanol,methanolisation,True,PT urban central heat,PT co2 stored,PT
RO methanolisation,RO H2,EU methanol,methanolisation,True,RO urban central heat,RO co2 stored,RO
RS methanolisation,RS H2,EU methanol,methanolisation,True,RS urban central heat,RS co2 stored,RS
SE methanolisation,SE H2,EU methanol,methanolisation,True,SE urban central heat,SE co2 stored,SE
SI methanolisation,SI H2,EU methanol,methanolisation,True,SI urban central heat,SI co2 stored,SI
SK methanolisation,SK H2,EU methanol,methanolisation,True,SK urban central heat,SK co2 stored,SK
XK methanolisation,XK H2,EU methanol,methanolisation,True,XK urban central heat,XK co2 stored,XK
AL Fischer-Tropsch,AL H2,EU oil,Fischer-Tropsch,True,,AL urban central heat,AL co2 stored
AT Fischer-Tropsch,AT H2,EU oil,Fischer-Tropsch,True,,AT urban central heat,AT co2 stored
BA Fischer-Tropsch,BA H2,EU oil,Fischer-Tropsch,True,,BA urban central heat,BA co2 stored
BE Fischer-Tropsch,BE H2,EU oil,Fischer-Tropsch,True,,BE urban central heat,BE co2 stored
BG Fischer-Tropsch,BG H2,EU oil,Fischer-Tropsch,True,,BG urban central heat,BG co2 stored
CH Fischer-Tropsch,CH H2,EU oil,Fischer-Tropsch,True,,CH urban central heat,CH co2 stored
CZ Fischer-Tropsch,CZ H2,EU oil,Fischer-Tropsch,True,,CZ urban central heat,CZ co2 stored
DE Fischer-Tropsch,DE H2,EU oil,Fischer-Tropsch,True,,DE urban central heat,DE co2 stored
DK Fischer-Tropsch,DK H2,EU oil,Fischer-Tropsch,True,,DK urban central heat,DK co2 stored
EE Fischer-Tropsch,EE H2,EU oil,Fischer-Tropsch,True,,EE urban central heat,EE co2 stored
ES Fischer-Tropsch,ES H2,EU oil,Fischer-Tropsch,True,,ES urban central heat,ES co2 stored
FI Fischer-Tropsch,FI H2,EU oil,Fischer-Tropsch,True,,FI urban central heat,FI co2 stored
FR Fischer-Tropsch,FR H2,EU oil,Fischer-Tropsch,True,,FR urban central heat,FR co2 stored
GB Fischer-Tropsch,GB H2,EU oil,Fischer-Tropsch,True,,GB urban central heat,GB co2 stored
GBI Fischer-Tropsch,GBI H2,EU oil,Fischer-Tropsch,True,,GBI urban central heat,GBI co2 stored
GR Fischer-Tropsch,GR H2,EU oil,Fischer-Tropsch,True,,GR urban central heat,GR co2 stored
HR Fischer-Tropsch,HR H2,EU oil,Fischer-Tropsch,True,,HR urban central heat,HR co2 stored
HU Fischer-Tropsch,HU H2,EU oil,Fischer-Tropsch,True,,HU urban central heat,HU co2 stored
IE Fischer-Tropsch,IE H2,EU oil,Fischer-Tropsch,True,,IE urban central heat,IE co2 stored
IT Fischer-Tropsch,IT H2,EU oil,Fischer-Tropsch,True,,IT urban central heat,IT co2 stored
LT Fischer-Tropsch,LT H2,EU oil,Fischer-Tropsch,True,,LT urban central heat,LT co2 stored
LU Fischer-Tropsch,LU H2,EU oil,Fischer-Tropsch,True,,LU urban central heat,LU co2 stored
LV Fischer-Tropsch,LV H2,EU oil,Fischer-Tropsch,True,,LV urban central heat,LV co2 stored
ME Fischer-Tropsch,ME H2,EU oil,Fischer-Tropsch,True,,ME urban central heat,ME co2 stored
MK Fischer-Tropsch,MK H2,EU oil,Fischer-Tropsch,True,,MK urban central heat,MK co2 stored
NL Fischer-Tropsch,NL H2,EU oil,Fischer-Tropsch,True,,NL urban central heat,NL co2 stored
NO Fischer-Tropsch,NO H2,EU oil,Fischer-Tropsch,True,,NO urban central heat,NO co2 stored
PL Fischer-Tropsch,PL H2,EU oil,Fischer-Tropsch,True,,PL urban central heat,PL co2 stored
PT Fischer-Tropsch,PT H2,EU oil,Fischer-Tropsch,True,,PT urban central heat,PT co2 stored
RO Fischer-Tropsch,RO H2,EU oil,Fischer-Tropsch,True,,RO urban central heat,RO co2 stored
RS Fischer-Tropsch,RS H2,EU oil,Fischer-Tropsch,True,,RS urban central heat,RS co2 stored
SE Fischer-Tropsch,SE H2,EU oil,Fischer-Tropsch,True,,SE urban central heat,SE co2 stored
SI Fischer-Tropsch,SI H2,EU oil,Fischer-Tropsch,True,,SI urban central heat,SI co2 stored
SK Fischer-Tropsch,SK H2,EU oil,Fischer-Tropsch,True,,SK urban central heat,SK co2 stored
XK Fischer-Tropsch,XK H2,EU oil,Fischer-Tropsch,True,,XK urban central heat,XK co2 stored
AL naphtha for industry,EU oil,AL naphtha for industry,naphtha for industry,True,,,AL process emissions
AT naphtha for industry,EU oil,AT naphtha for industry,naphtha for industry,True,,,AT process emissions
BA naphtha for industry,EU oil,BA naphtha for industry,naphtha for industry,True,,,BA process emissions
BE naphtha for industry,EU oil,BE naphtha for industry,naphtha for industry,True,,,BE process emissions
BG naphtha for industry,EU oil,BG naphtha for industry,naphtha for industry,True,,,BG process emissions
CH naphtha for industry,EU oil,CH naphtha for industry,naphtha for industry,True,,,CH process emissions
CZ naphtha for industry,EU oil,CZ naphtha for industry,naphtha for industry,True,,,CZ process emissions
DE naphtha for industry,EU oil,DE naphtha for industry,naphtha for industry,True,,,DE process emissions
DK naphtha for industry,EU oil,DK naphtha for industry,naphtha for industry,True,,,DK process emissions
EE naphtha for industry,EU oil,EE naphtha for industry,naphtha for industry,True,,,EE process emissions
ES naphtha for industry,EU oil,ES naphtha for industry,naphtha for industry,True,,,ES process emissions
FI naphtha for industry,EU oil,FI naphtha for industry,naphtha for industry,True,,,FI process emissions
FR naphtha for industry,EU oil,FR naphtha for industry,naphtha for industry,True,,,FR process emissions
GB naphtha for industry,EU oil,GB naphtha for industry,naphtha for industry,True,,,GB process emissions
GBI naphtha for industry,EU oil,GBI naphtha for industry,naphtha for industry,True,,,GBI process emissions
GR naphtha for industry,EU oil,GR naphtha for industry,naphtha for industry,True,,,GR process emissions
HR naphtha for industry,EU oil,HR naphtha for industry,naphtha for industry,True,,,HR process emissions
HU naphtha for industry,EU oil,HU naphtha for industry,naphtha for industry,True,,,HU process emissions
IE naphtha for industry,EU oil,IE naphtha for industry,naphtha for industry,True,,,IE process emissions
IT naphtha for industry,EU oil,IT naphtha for industry,naphtha for industry,True,,,IT process emissions
LT naphtha for industry,EU oil,LT naphtha for industry,naphtha for industry,True,,,LT process emissions
LU naphtha for industry,EU oil,LU naphtha for industry,naphtha for industry,True,,,LU process emissions
LV naphtha for industry,EU oil,LV naphtha for industry,naphtha for industry,True,,,LV process emissions
ME naphtha for industry,EU oil,ME naphtha for industry,naphtha for industry,True,,,ME process emissions
MK naphtha for industry,EU oil,MK naphtha for industry,naphtha for industry,True,,,MK process emissions
NL naphtha for industry,EU oil,NL naphtha for industry,naphtha for industry,True,,,NL process emissions
NO naphtha for industry,EU oil,NO naphtha for industry,naphtha for industry,True,,,NO process emissions
PL naphtha for industry,EU oil,PL naphtha for industry,naphtha for industry,True,,,PL process emissions
PT naphtha for industry,EU oil,PT naphtha for industry,naphtha for industry,True,,,PT process emissions
RO naphtha for industry,EU oil,RO naphtha for industry,naphtha for industry,True,,,RO process emissions
RS naphtha for industry,EU oil,RS naphtha for industry,naphtha for industry,True,,,RS process emissions
SE naphtha for industry,EU oil,SE naphtha for industry,naphtha for industry,True,,,SE process emissions
SI naphtha for industry,EU oil,SI naphtha for industry,naphtha for industry,True,,,SI process emissions
SK naphtha for industry,EU oil,SK naphtha for industry,naphtha for industry,True,,,SK process emissions
XK naphtha for industry,EU oil,XK naphtha for industry,naphtha for industry,True,,,XK process emissions
AL HVC to air,AL non-sequestered HVC,co2 atmosphere,HVC to air,True,,,
AT HVC to air,AT non-sequestered HVC,co2 atmosphere,HVC to air,True,,,
BA HVC to air,BA non-sequestered HVC,co2 atmosphere,HVC to air,True,,,
BE HVC to air,BE non-sequestered HVC,co2 atmosphere,HVC to air,True,,,
BG HVC to air,BG non-sequestered HVC,co2 atmosphere,HVC to air,True,,,
CH HVC to air,CH non-sequestered HVC,co2 atmosphere,HVC to air,True,,,
CZ HVC to air,CZ non-sequestered HVC,co2 atmosphere,HVC to air,True,,,
DE HVC to air,DE non-sequestered HVC,co2 atmosphere,HVC to air,True,,,
DK HVC to air,DK non-sequestered HVC,co2 atmosphere,HVC to air,True,,,
EE HVC to air,EE non-sequestered HVC,co2 atmosphere,HVC to air,True,,,
ES HVC to air,ES non-sequestered HVC,co2 atmosphere,HVC to air,True,,,
FI HVC to air,FI non-sequestered HVC,co2 atmosphere,HVC to air,True,,,
FR HVC to air,FR non-sequestered HVC,co2 atmosphere,HVC to air,True,,,
GB HVC to air,GB non-sequestered HVC,co2 atmosphere,HVC to air,True,,,
GBI HVC to air,GBI non-sequestered HVC,co2 atmosphere,HVC to air,True,,,
GR HVC to air,GR non-sequestered HVC,co2 atmosphere,HVC to air,True,,,
HR HVC to air,HR non-sequestered HVC,co2 atmosphere,HVC to air,True,,,
HU HVC to air,HU non-sequestered HVC,co2 atmosphere,HVC to air,True,,,
IE HVC to air,IE non-sequestered HVC,co2 atmosphere,HVC to air,True,,,
IT HVC to air,IT non-sequestered HVC,co2 atmosphere,HVC to air,True,,,
LT HVC to air,LT non-sequestered HVC,co2 atmosphere,HVC to air,True,,,
LU HVC to air,LU non-sequestered HVC,co2 atmosphere,HVC to air,True,,,
LV HVC to air,LV non-sequestered HVC,co2 atmosphere,HVC to air,True,,,
ME HVC to air,ME non-sequestered HVC,co2 atmosphere,HVC to air,True,,,
MK HVC to air,MK non-sequestered HVC,co2 atmosphere,HVC to air,True,,,
NL HVC to air,NL non-sequestered HVC,co2 atmosphere,HVC to air,True,,,
NO HVC to air,NO non-sequestered HVC,co2 atmosphere,HVC to air,True,,,
PL HVC to air,PL non-sequestered HVC,co2 atmosphere,HVC to air,True,,,
PT HVC to air,PT non-sequestered HVC,co2 atmosphere,HVC to air,True,,,
RO HVC to air,RO non-sequestered HVC,co2 atmosphere,HVC to air,True,,,
RS HVC to air,RS non-sequestered HVC,co2 atmosphere,HVC to air,True,,,
SE HVC to air,SE non-sequestered HVC,co2 atmosphere,HVC to air,True,,,
SI HVC to air,SI non-sequestered HVC,co2 atmosphere,HVC to air,True,,,
SK HVC to air,SK non-sequestered HVC,co2 atmosphere,HVC to air,True,,,
XK HVC to air,XK non-sequestered HVC,co2 atmosphere,HVC to air,True,,,
AL process emissions,AL process emissions,co2 atmosphere,process emissions,True,,,
AT process emissions,AT process emissions,co2 atmosphere,process emissions,True,,,
BA process emissions,BA process emissions,co2 atmosphere,process emissions,True,,,
BE process emissions,BE process emissions,co2 atmosphere,process emissions,True,,,
BG process emissions,BG process emissions,co2 atmosphere,process emissions,True,,,
CH process emissions,CH process emissions,co2 atmosphere,process emissions,True,,,
CZ process emissions,CZ process emissions,co2 atmosphere,process emissions,True,,,
DE process emissions,DE process emissions,co2 atmosphere,process emissions,True,,,
DK process emissions,DK process emissions,co2 atmosphere,process emissions,True,,,
EE process emissions,EE process emissions,co2 atmosphere,process emissions,True,,,
ES process emissions,ES process emissions,co2 atmosphere,process emissions,True,,,
FI process emissions,FI process emissions,co2 atmosphere,process emissions,True,,,
FR process emissions,FR process emissions,co2 atmosphere,process emissions,True,,,
GB process emissions,GB process emissions,co2 atmosphere,process emissions,True,,,
GBI process emissions,GBI process emissions,co2 atmosphere,process emissions,True,,,
GR process emissions,GR process emissions,co2 atmosphere,process emissions,True,,,
HR process emissions,HR process emissions,co2 atmosphere,process emissions,True,,,
HU process emissions,HU process emissions,co2 atmosphere,process emissions,True,,,
IE process emissions,IE process emissions,co2 atmosphere,process emissions,True,,,
IT process emissions,IT process emissions,co2 atmosphere,process emissions,True,,,
LT process emissions,LT process emissions,co2 atmosphere,process emissions,True,,,
LU process emissions,LU process emissions,co2 atmosphere,process emissions,True,,,
LV process emissions,LV process emissions,co2 atmosphere,process emissions,True,,,
ME process emissions,ME process emissions,co2 atmosphere,process emissions,True,,,
MK process emissions,MK process emissions,co2 atmosphere,process emissions,True,,,
NL process emissions,NL process emissions,co2 atmosphere,process emissions,True,,,
NO process emissions,NO process emissions,co2 atmosphere,process emissions,True,,,
PL process emissions,PL process emissions,co2 atmosphere,process emissions,True,,,
PT process emissions,PT process emissions,co2 atmosphere,process emissions,True,,,
RO process emissions,RO process emissions,co2 atmosphere,process emissions,True,,,
RS process emissions,RS process emissions,co2 atmosphere,process emissions,True,,,
SE process emissions,SE process emissions,co2 atmosphere,process emissions,True,,,
SI process emissions,SI process emissions,co2 atmosphere,process emissions,True,,,
SK process emissions,SK process emissions,co2 atmosphere,process emissions,True,,,
XK process emissions,XK process emissions,co2 atmosphere,process emissions,True,,,
AL process emissions CC,AL process emissions,co2 atmosphere,process emissions CC,True,,,AL co2 stored
AT process emissions CC,AT process emissions,co2 atmosphere,process emissions CC,True,,,AT co2 stored
BA process emissions CC,BA process emissions,co2 atmosphere,process emissions CC,True,,,BA co2 stored
BE process emissions CC,BE process emissions,co2 atmosphere,process emissions CC,True,,,BE co2 stored
BG process emissions CC,BG process emissions,co2 atmosphere,process emissions CC,True,,,BG co2 stored
CH process emissions CC,CH process emissions,co2 atmosphere,process emissions CC,True,,,CH co2 stored
CZ process emissions CC,CZ process emissions,co2 atmosphere,process emissions CC,True,,,CZ co2 stored
DE process emissions CC,DE process emissions,co2 atmosphere,process emissions CC,True,,,DE co2 stored
DK process emissions CC,DK process emissions,co2 atmosphere,process emissions CC,True,,,DK co2 stored
EE process emissions CC,EE process emissions,co2 atmosphere,process emissions CC,True,,,EE co2 stored
ES process emissions CC,ES process emissions,co2 atmosphere,process emissions CC,True,,,ES co2 stored
FI process emissions CC,FI process emissions,co2 atmosphere,process emissions CC,True,,,FI co2 stored
FR process emissions CC,FR process emissions,co2 atmosphere,process emissions CC,True,,,FR co2 stored
GB process emissions CC,GB process emissions,co2 atmosphere,process emissions CC,True,,,GB co2 stored
GBI process emissions CC,GBI process emissions,co2 atmosphere,process emissions CC,True,,,GBI co2 stored
GR process emissions CC,GR process emissions,co2 atmosphere,process emissions CC,True,,,GR co2 stored
HR process emissions CC,HR process emissions,co2 atmosphere,process emissions CC,True,,,HR co2 stored
HU process emissions CC,HU process emissions,co2 atmosphere,process emissions CC,True,,,HU co2 stored
IE process emissions CC,IE process emissions,co2 atmosphere,process emissions CC,True,,,IE co2 stored
IT process emissions CC,IT process emissions,co2 atmosphere,process emissions CC,True,,,IT co2 stored
LT process emissions CC,LT process emissions,co2 atmosphere,process emissions CC,True,,,LT co2 stored
LU process emissions CC,LU process emissions,co2 atmosphere,process emissions CC,True,,,LU co2 stored
LV process emissions CC,LV process emissions,co2 atmosphere,process emissions CC,True,,,LV co2 stored
ME process emissions CC,ME process emissions,co2 atmosphere,process emissions CC,True,,,ME co2 stored
MK process emissions CC,MK process emissions,co2 atmosphere,process emissions CC,True,,,MK co2 stored
NL process emissions CC,NL process emissions,co2 atmosphere,process emissions CC,True,,,NL co2 stored
NO process emissions CC,NO process emissions,co2 atmosphere,process emissions CC,True,,,NO co2 stored
PL process emissions CC,PL process emissions,co2 atmosphere,process emissions CC,True,,,PL co2 stored
PT process emissions CC,PT process emissions,co2 atmosphere,process emissions CC,True,,,PT co2 stored
RO process emissions CC,RO process emissions,co2 atmosphere,process emissions CC,True,,,RO co2 stored
RS process emissions CC,RS process emissions,co2 atmosphere,process emissions CC,True,,,RS co2 stored
SE process emissions CC,SE process emissions,co2 atmosphere,process emissions CC,True,,,SE co2 stored
SI process emissions CC,SI process emissions,co2 atmosphere,process emissions CC,True,,,SI co2 stored
SK process emissions CC,SK process emissions,co2 atmosphere,process emissions CC,True,,,SK co2 stored
XK process emissions CC,XK process emissions,co2 atmosphere,process emissions CC,True,,,XK co2 stored
EU coal for industry,EU coal,EU coal for industry,coal for industry,True,,,co2 atmosphere
AL H2 liquefaction,AL H2,AL H2 liquid,H2 liquefaction,True,,,
AT H2 liquefaction,AT H2,AT H2 liquid,H2 liquefaction,True,,,
BA H2 liquefaction,BA H2,BA H2 liquid,H2 liquefaction,True,,,
BE H2 liquefaction,BE H2,BE H2 liquid,H2 liquefaction,True,,,
BG H2 liquefaction,BG H2,BG H2 liquid,H2 liquefaction,True,,,
CH H2 liquefaction,CH H2,CH H2 liquid,H2 liquefaction,True,,,
CZ H2 liquefaction,CZ H2,CZ H2 liquid,H2 liquefaction,True,,,
DE H2 liquefaction,DE H2,DE H2 liquid,H2 liquefaction,True,,,
DK H2 liquefaction,DK H2,DK H2 liquid,H2 liquefaction,True,,,
EE H2 liquefaction,EE H2,EE H2 liquid,H2 liquefaction,True,,,
ES H2 liquefaction,ES H2,ES H2 liquid,H2 liquefaction,True,,,
FI H2 liquefaction,FI H2,FI H2 liquid,H2 liquefaction,True,,,
FR H2 liquefaction,FR H2,FR H2 liquid,H2 liquefaction,True,,,
GB H2 liquefaction,GB H2,GB H2 liquid,H2 liquefaction,True,,,
GBI H2 liquefaction,GBI H2,GBI H2 liquid,H2 liquefaction,True,,,
GR H2 liquefaction,GR H2,GR H2 liquid,H2 liquefaction,True,,,
HR H2 liquefaction,HR H2,HR H2 liquid,H2 liquefaction,True,,,
HU H2 liquefaction,HU H2,HU H2 liquid,H2 liquefaction,True,,,
IE H2 liquefaction,IE H2,IE H2 liquid,H2 liquefaction,True,,,
IT H2 liquefaction,IT H2,IT H2 liquid,H2 liquefaction,True,,,
LT H2 liquefaction,LT H2,LT H2 liquid,H2 liquefaction,True,,,
LU H2 liquefaction,LU H2,LU H2 liquid,H2 liquefaction,True,,,
LV H2 liquefaction,LV H2,LV H2 liquid,H2 liquefaction,True,,,
ME H2 liquefaction,ME H2,ME H2 liquid,H2 liquefaction,True,,,
MK H2 liquefaction,MK H2,MK H2 liquid,H2 liquefaction,True,,,
NL H2 liquefaction,NL H2,NL H2 liquid,H2 liquefaction,True,,,
NO H2 liquefaction,NO H2,NO H2 liquid,H2 liquefaction,True,,,
PL H2 liquefaction,PL H2,PL H2 liquid,H2 liquefaction,True,,,
PT H2 liquefaction,PT H2,PT H2 liquid,H2 liquefaction,True,,,
RO H2 liquefaction,RO H2,RO H2 liquid,H2 liquefaction,True,,,
RS H2 liquefaction,RS H2,RS H2 liquid,H2 liquefaction,True,,,
SE H2 liquefaction,SE H2,SE H2 liquid,H2 liquefaction,True,,,
SI H2 liquefaction,SI H2,SI H2 liquid,H2 liquefaction,True,,,
SK H2 liquefaction,SK H2,SK H2 liquid,H2 liquefaction,True,,,
XK H2 liquefaction,XK H2,XK H2 liquid,H2 liquefaction,True,,,
AL shipping methanol,EU methanol,AL shipping methanol,shipping methanol,True,,,co2 atmosphere
AT shipping methanol,EU methanol,AT shipping methanol,shipping methanol,True,,,co2 atmosphere
BA shipping methanol,EU methanol,BA shipping methanol,shipping methanol,True,,,co2 atmosphere
BE shipping methanol,EU methanol,BE shipping methanol,shipping methanol,True,,,co2 atmosphere
BG shipping methanol,EU methanol,BG shipping methanol,shipping methanol,True,,,co2 atmosphere
CH shipping methanol,EU methanol,CH shipping methanol,shipping methanol,True,,,co2 atmosphere
CZ shipping methanol,EU methanol,CZ shipping methanol,shipping methanol,True,,,co2 atmosphere
DE shipping methanol,EU methanol,DE shipping methanol,shipping methanol,True,,,co2 atmosphere
DK shipping methanol,EU methanol,DK shipping methanol,shipping methanol,True,,,co2 atmosphere
EE shipping methanol,EU methanol,EE shipping methanol,shipping methanol,True,,,co2 atmosphere
ES shipping methanol,EU methanol,ES shipping methanol,shipping methanol,True,,,co2 atmosphere
FI shipping methanol,EU methanol,FI shipping methanol,shipping methanol,True,,,co2 atmosphere
FR shipping methanol,EU methanol,FR shipping methanol,shipping methanol,True,,,co2 atmosphere
GB shipping methanol,EU methanol,GB shipping methanol,shipping methanol,True,,,co2 atmosphere
GBI shipping methanol,EU methanol,GBI shipping methanol,shipping methanol,True,,,co2 atmosphere
GR shipping methanol,EU methanol,GR shipping methanol,shipping methanol,True,,,co2 atmosphere
HR shipping methanol,EU methanol,HR shipping methanol,shipping methanol,True,,,co2 atmosphere
HU shipping methanol,EU methanol,HU shipping methanol,shipping methanol,True,,,co2 atmosphere
IE shipping methanol,EU methanol,IE shipping methanol,shipping methanol,True,,,co2 atmosphere
IT shipping methanol,EU methanol,IT shipping methanol,shipping methanol,True,,,co2 atmosphere
LT shipping methanol,EU methanol,LT shipping methanol,shipping methanol,True,,,co2 atmosphere
LU shipping methanol,EU methanol,LU shipping methanol,shipping methanol,True,,,co2 atmosphere
LV shipping methanol,EU methanol,LV shipping methanol,shipping methanol,True,,,co2 atmosphere
ME shipping methanol,EU methanol,ME shipping methanol,shipping methanol,True,,,co2 atmosphere
MK shipping methanol,EU methanol,MK shipping methanol,shipping methanol,True,,,co2 atmosphere
NL shipping methanol,EU methanol,NL shipping methanol,shipping methanol,True,,,co2 atmosphere
NO shipping methanol,EU methanol,NO shipping methanol,shipping methanol,True,,,co2 atmosphere
PL shipping methanol,EU methanol,PL shipping methanol,shipping methanol,True,,,co2 atmosphere
PT shipping methanol,EU methanol,PT shipping methanol,shipping methanol,True,,,co2 atmosphere
RO shipping methanol,EU methanol,RO shipping methanol,shipping methanol,True,,,co2 atmosphere
RS shipping methanol,EU methanol,RS shipping methanol,shipping methanol,True,,,co2 atmosphere
SE shipping methanol,EU methanol,SE shipping methanol,shipping methanol,True,,,co2 atmosphere
SI shipping methanol,EU methanol,SI shipping methanol,shipping methanol,True,,,co2 atmosphere
SK shipping methanol,EU methanol,SK shipping methanol,shipping methanol,True,,,co2 atmosphere
XK shipping methanol,EU methanol,XK shipping methanol,shipping methanol,True,,,co2 atmosphere
AL shipping oil,EU oil,AL shipping oil,shipping oil,True,,,co2 atmosphere
AT shipping oil,EU oil,AT shipping oil,shipping oil,True,,,co2 atmosphere
BA shipping oil,EU oil,BA shipping oil,shipping oil,True,,,co2 atmosphere
BE shipping oil,EU oil,BE shipping oil,shipping oil,True,,,co2 atmosphere
BG shipping oil,EU oil,BG shipping oil,shipping oil,True,,,co2 atmosphere
CH shipping oil,EU oil,CH shipping oil,shipping oil,True,,,co2 atmosphere
CZ shipping oil,EU oil,CZ shipping oil,shipping oil,True,,,co2 atmosphere
DE shipping oil,EU oil,DE shipping oil,shipping oil,True,,,co2 atmosphere
DK shipping oil,EU oil,DK shipping oil,shipping oil,True,,,co2 atmosphere
EE shipping oil,EU oil,EE shipping oil,shipping oil,True,,,co2 atmosphere
ES shipping oil,EU oil,ES shipping oil,shipping oil,True,,,co2 atmosphere
FI shipping oil,EU oil,FI shipping oil,shipping oil,True,,,co2 atmosphere
FR shipping oil,EU oil,FR shipping oil,shipping oil,True,,,co2 atmosphere
GB shipping oil,EU oil,GB shipping oil,shipping oil,True,,,co2 atmosphere
GBI shipping oil,EU oil,GBI shipping oil,shipping oil,True,,,co2 atmosphere
GR shipping oil,EU oil,GR shipping oil,shipping oil,True,,,co2 atmosphere
HR shipping oil,EU oil,HR shipping oil,shipping oil,True,,,co2 atmosphere
HU shipping oil,EU oil,HU shipping oil,shipping oil,True,,,co2 atmosphere
IE shipping oil,EU oil,IE shipping oil,shipping oil,True,,,co2 atmosphere
IT shipping oil,EU oil,IT shipping oil,shipping oil,True,,,co2 atmosphere
LT shipping oil,EU oil,LT shipping oil,shipping oil,True,,,co2 atmosphere
LU shipping oil,EU oil,LU shipping oil,shipping oil,True,,,co2 atmosphere
LV shipping oil,EU oil,LV shipping oil,shipping oil,True,,,co2 atmosphere
ME shipping oil,EU oil,ME shipping oil,shipping oil,True,,,co2 atmosphere
MK shipping oil,EU oil,MK shipping oil,shipping oil,True,,,co2 atmosphere
NL shipping oil,EU oil,NL shipping oil,shipping oil,True,,,co2 atmosphere
NO shipping oil,EU oil,NO shipping oil,shipping oil,True,,,co2 atmosphere
PL shipping oil,EU oil,PL shipping oil,shipping oil,True,,,co2 atmosphere
PT shipping oil,EU oil,PT shipping oil,shipping oil,True,,,co2 atmosphere
RO shipping oil,EU oil,RO shipping oil,shipping oil,True,,,co2 atmosphere
RS shipping oil,EU oil,RS shipping oil,shipping oil,True,,,co2 atmosphere
SE shipping oil,EU oil,SE shipping oil,shipping oil,True,,,co2 atmosphere
SI shipping oil,EU oil,SI shipping oil,shipping oil,True,,,co2 atmosphere
SK shipping oil,EU oil,SK shipping oil,shipping oil,True,,,co2 atmosphere
XK shipping oil,EU oil,XK shipping oil,shipping oil,True,,,co2 atmosphere
AL kerosene for aviation,EU oil,AL kerosene for aviation,kerosene for aviation,True,,,co2 atmosphere
AT kerosene for aviation,EU oil,AT kerosene for aviation,kerosene for aviation,True,,,co2 atmosphere
BA kerosene for aviation,EU oil,BA kerosene for aviation,kerosene for aviation,True,,,co2 atmosphere
BE kerosene for aviation,EU oil,BE kerosene for aviation,kerosene for aviation,True,,,co2 atmosphere
BG kerosene for aviation,EU oil,BG kerosene for aviation,kerosene for aviation,True,,,co2 atmosphere
CH kerosene for aviation,EU oil,CH kerosene for aviation,kerosene for aviation,True,,,co2 atmosphere
CZ kerosene for aviation,EU oil,CZ kerosene for aviation,kerosene for aviation,True,,,co2 atmosphere
DE kerosene for aviation,EU oil,DE kerosene for aviation,kerosene for aviation,True,,,co2 atmosphere
DK kerosene for aviation,EU oil,DK kerosene for aviation,kerosene for aviation,True,,,co2 atmosphere
EE kerosene for aviation,EU oil,EE kerosene for aviation,kerosene for aviation,True,,,co2 atmosphere
ES kerosene for aviation,EU oil,ES kerosene for aviation,kerosene for aviation,True,,,co2 atmosphere
FI kerosene for aviation,EU oil,FI kerosene for aviation,kerosene for aviation,True,,,co2 atmosphere
FR kerosene for aviation,EU oil,FR kerosene for aviation,kerosene for aviation,True,,,co2 atmosphere
GB kerosene for aviation,EU oil,GB kerosene for aviation,kerosene for aviation,True,,,co2 atmosphere
GBI kerosene for aviation,EU oil,GBI kerosene for aviation,kerosene for aviation,True,,,co2 atmosphere
GR kerosene for aviation,EU oil,GR kerosene for aviation,kerosene for aviation,True,,,co2 atmosphere
HR kerosene for aviation,EU oil,HR kerosene for aviation,kerosene for aviation,True,,,co2 atmosphere
HU kerosene for aviation,EU oil,HU kerosene for aviation,kerosene for aviation,True,,,co2 atmosphere
IE kerosene for aviation,EU oil,IE kerosene for aviation,kerosene for aviation,True,,,co2 atmosphere
IT kerosene for aviation,EU oil,IT kerosene for aviation,kerosene for aviation,True,,,co2 atmosphere
LT kerosene for aviation,EU oil,LT kerosene for aviation,kerosene for aviation,True,,,co2 atmosphere
LU kerosene for aviation,EU oil,LU kerosene for aviation,kerosene for aviation,True,,,co2 atmosphere
LV kerosene for aviation,EU oil,LV kerosene for aviation,kerosene for aviation,True,,,co2 atmosphere
ME kerosene for aviation,EU oil,ME kerosene for aviation,kerosene for aviation,True,,,co2 atmosphere
MK kerosene for aviation,EU oil,MK kerosene for aviation,kerosene for aviation,True,,,co2 atmosphere
NL kerosene for aviation,EU oil,NL kerosene for aviation,kerosene for aviation,True,,,co2 atmosphere
NO kerosene for aviation,EU oil,NO kerosene for aviation,kerosene for aviation,True,,,co2 atmosphere
PL kerosene for aviation,EU oil,PL kerosene for aviation,kerosene for aviation,True,,,co2 atmosphere
PT kerosene for aviation,EU oil,PT kerosene for aviation,kerosene for aviation,True,,,co2 atmosphere
RO kerosene for aviation,EU oil,RO kerosene for aviation,kerosene for aviation,True,,,co2 atmosphere
RS kerosene for aviation,EU oil,RS kerosene for aviation,kerosene for aviation,True,,,co2 atmosphere
SE kerosene for aviation,EU oil,SE kerosene for aviation,kerosene for aviation,True,,,co2 atmosphere
SI kerosene for aviation,EU oil,SI kerosene for aviation,kerosene for aviation,True,,,co2 atmosphere
SK kerosene for aviation,EU oil,SK kerosene for aviation,kerosene for aviation,True,,,co2 atmosphere
XK kerosene for aviation,EU oil,XK kerosene for aviation,kerosene for aviation,True,,,co2 atmosphere
AL methanol-to-kerosene,EU methanol,AL methanol kerosene for aviation,methanol-to-kerosene,True,,co2 atmosphere,AL H2
AT methanol-to-kerosene,EU methanol,AT methanol kerosene for aviation,methanol-to-kerosene,True,,co2 atmosphere,AT H2
BA methanol-to-kerosene,EU methanol,BA methanol kerosene for aviation,methanol-to-kerosene,True,,co2 atmosphere,BA H2
BE methanol-to-kerosene,EU methanol,BE methanol kerosene for aviation,methanol-to-kerosene,True,,co2 atmosphere,BE H2
BG methanol-to-kerosene,EU methanol,BG methanol kerosene for aviation,methanol-to-kerosene,True,,co2 atmosphere,BG H2
CH methanol-to-kerosene,EU methanol,CH methanol kerosene for aviation,methanol-to-kerosene,True,,co2 atmosphere,CH H2
CZ methanol-to-kerosene,EU methanol,CZ methanol kerosene for aviation,methanol-to-kerosene,True,,co2 atmosphere,CZ H2
DE methanol-to-kerosene,EU methanol,DE methanol kerosene for aviation,methanol-to-kerosene,True,,co2 atmosphere,DE H2
DK methanol-to-kerosene,EU methanol,DK methanol kerosene for aviation,methanol-to-kerosene,True,,co2 atmosphere,DK H2
EE methanol-to-kerosene,EU methanol,EE methanol kerosene for aviation,methanol-to-kerosene,True,,co2 atmosphere,EE H2
ES methanol-to-kerosene,EU methanol,ES methanol kerosene for aviation,methanol-to-kerosene,True,,co2 atmosphere,ES H2
FI methanol-to-kerosene,EU methanol,FI methanol kerosene for aviation,methanol-to-kerosene,True,,co2 atmosphere,FI H2
FR methanol-to-kerosene,EU methanol,FR methanol kerosene for aviation,methanol-to-kerosene,True,,co2 atmosphere,FR H2
GB methanol-to-kerosene,EU methanol,GB methanol kerosene for aviation,methanol-to-kerosene,True,,co2 atmosphere,GB H2
GBI methanol-to-kerosene,EU methanol,GBI methanol kerosene for aviation,methanol-to-kerosene,True,,co2 atmosphere,GBI H2
GR methanol-to-kerosene,EU methanol,GR methanol kerosene for aviation,methanol-to-kerosene,True,,co2 atmosphere,GR H2
HR methanol-to-kerosene,EU methanol,HR methanol kerosene for aviation,methanol-to-kerosene,True,,co2 atmosphere,HR H2
HU methanol-to-kerosene,EU methanol,HU methanol kerosene for aviation,methanol-to-kerosene,True,,co2 atmosphere,HU H2
IE methanol-to-kerosene,EU methanol,IE methanol kerosene for aviation,methanol-to-kerosene,True,,co2 atmosphere,IE H2
IT methanol-to-kerosene,EU methanol,IT methanol kerosene for aviation,methanol-to-kerosene,True,,co2 atmosphere,IT H2
LT methanol-to-kerosene,EU methanol,LT methanol kerosene for aviation,methanol-to-kerosene,True,,co2 atmosphere,LT H2
LU methanol-to-kerosene,EU methanol,LU methanol kerosene for aviation,methanol-to-kerosene,True,,co2 atmosphere,LU H2
LV methanol-to-kerosene,EU methanol,LV methanol kerosene for aviation,methanol-to-kerosene,True,,co2 atmosphere,LV H2
ME methanol-to-kerosene,EU methanol,ME methanol kerosene for aviation,methanol-to-kerosene,True,,co2 atmosphere,ME H2
MK methanol-to-kerosene,EU methanol,MK methanol kerosene for aviation,methanol-to-kerosene,True,,co2 atmosphere,MK H2
NL methanol-to-kerosene,EU methanol,NL methanol kerosene for aviation,methanol-to-kerosene,True,,co2 atmosphere,NL H2
NO methanol-to-kerosene,EU methanol,NO methanol kerosene for aviation,methanol-to-kerosene,True,,co2 atmosphere,NO H2
PL methanol-to-kerosene,EU methanol,PL methanol kerosene for aviation,methanol-to-kerosene,True,,co2 atmosphere,PL H2
PT methanol-to-kerosene,EU methanol,PT methanol kerosene for aviation,methanol-to-kerosene,True,,co2 atmosphere,PT H2
RO methanol-to-kerosene,EU methanol,RO methanol kerosene for aviation,methanol-to-kerosene,True,,co2 atmosphere,RO H2
RS methanol-to-kerosene,EU methanol,RS methanol kerosene for aviation,methanol-to-kerosene,True,,co2 atmosphere,RS H2
SE methanol-to-kerosene,EU methanol,SE methanol kerosene for aviation,methanol-to-kerosene,True,,co2 atmosphere,SE H2
SI methanol-to-kerosene,EU methanol,SI methanol kerosene for aviation,methanol-to-kerosene,True,,co2 atmosphere,SI H2
SK methanol-to-kerosene,EU methanol,SK methanol kerosene for aviation,methanol-to-kerosene,True,,co2 atmosphere,SK H2
XK methanol-to-kerosene,EU methanol,XK methanol kerosene for aviation,methanol-to-kerosene,True,,co2 atmosphere,XK H2
AL agriculture machinery oil,EU oil,AL agriculture machinery oil,agriculture machinery oil,True,,,co2 atmosphere
AT agriculture machinery oil,EU oil,AT agriculture machinery oil,agriculture machinery oil,True,,,co2 atmosphere
BA agriculture machinery oil,EU oil,BA agriculture machinery oil,agriculture machinery oil,True,,,co2 atmosphere
BE agriculture machinery oil,EU oil,BE agriculture machinery oil,agriculture machinery oil,True,,,co2 atmosphere
BG agriculture machinery oil,EU oil,BG agriculture machinery oil,agriculture machinery oil,True,,,co2 atmosphere
CH agriculture machinery oil,EU oil,CH agriculture machinery oil,agriculture machinery oil,True,,,co2 atmosphere
CZ agriculture machinery oil,EU oil,CZ agriculture machinery oil,agriculture machinery oil,True,,,co2 atmosphere
DE agriculture machinery oil,EU oil,DE agriculture machinery oil,agriculture machinery oil,True,,,co2 atmosphere
DK agriculture machinery oil,EU oil,DK agriculture machinery oil,agriculture machinery oil,True,,,co2 atmosphere
EE agriculture machinery oil,EU oil,EE agriculture machinery oil,agriculture machinery oil,True,,,co2 atmosphere
ES agriculture machinery oil,EU oil,ES agriculture machinery oil,agriculture machinery oil,True,,,co2 atmosphere
FI agriculture machinery oil,EU oil,FI agriculture machinery oil,agriculture machinery oil,True,,,co2 atmosphere
FR agriculture machinery oil,EU oil,FR agriculture machinery oil,agriculture machinery oil,True,,,co2 atmosphere
GB agriculture machinery oil,EU oil,GB agriculture machinery oil,agriculture machinery oil,True,,,co2 atmosphere
GBI agriculture machinery oil,EU oil,GBI agriculture machinery oil,agriculture machinery oil,True,,,co2 atmosphere
GR agriculture machinery oil,EU oil,GR agriculture machinery oil,agriculture machinery oil,True,,,co2 atmosphere
HR agriculture machinery oil,EU oil,HR agriculture machinery oil,agriculture machinery oil,True,,,co2 atmosphere
HU agriculture machinery oil,EU oil,HU agriculture machinery oil,agriculture machinery oil,True,,,co2 atmosphere
IE agriculture machinery oil,EU oil,IE agriculture machinery oil,agriculture machinery oil,True,,,co2 atmosphere
IT agriculture machinery oil,EU oil,IT agriculture machinery oil,agriculture machinery oil,True,,,co2 atmosphere
LT agriculture machinery oil,EU oil,LT agriculture machinery oil,agriculture machinery oil,True,,,co2 atmosphere
LU agriculture machinery oil,EU oil,LU agriculture machinery oil,agriculture machinery oil,True,,,co2 atmosphere
LV agriculture machinery oil,EU oil,LV agriculture machinery oil,agriculture machinery oil,True,,,co2 atmosphere
ME agriculture machinery oil,EU oil,ME agriculture machinery oil,agriculture machinery oil,True,,,co2 atmosphere
MK agriculture machinery oil,EU oil,MK agriculture machinery oil,agriculture machinery oil,True,,,co2 atmosphere
NL agriculture machinery oil,EU oil,NL agriculture machinery oil,agriculture machinery oil,True,,,co2 atmosphere
NO agriculture machinery oil,EU oil,NO agriculture machinery oil,agriculture machinery oil,True,,,co2 atmosphere
PL agriculture machinery oil,EU oil,PL agriculture machinery oil,agriculture machinery oil,True,,,co2 atmosphere
PT agriculture machinery oil,EU oil,PT agriculture machinery oil,agriculture machinery oil,True,,,co2 atmosphere
RO agriculture machinery oil,EU oil,RO agriculture machinery oil,agriculture machinery oil,True,,,co2 atmosphere
RS agriculture machinery oil,EU oil,RS agriculture machinery oil,agriculture machinery oil,True,,,co2 atmosphere
SE agriculture machinery oil,EU oil,SE agriculture machinery oil,agriculture machinery oil,True,,,co2 atmosphere
SI agriculture machinery oil,EU oil,SI agriculture machinery oil,agriculture machinery oil,True,,,co2 atmosphere
SK agriculture machinery oil,EU oil,SK agriculture machinery oil,agriculture machinery oil,True,,,co2 atmosphere
XK agriculture machinery oil,EU oil,XK agriculture machinery oil,agriculture machinery oil,True,,,co2 atmosphere
AL urban central DAC,AL,AL urban central heat,DAC,True,,AL co2 stored,co2 atmosphere
AT urban central DAC,AT,AT urban central heat,DAC,True,,AT co2 stored,co2 atmosphere
BA urban central DAC,BA,BA urban central heat,DAC,True,,BA co2 stored,co2 atmosphere
BE urban central DAC,BE,BE urban central heat,DAC,True,,BE co2 stored,co2 atmosphere
BG urban central DAC,BG,BG urban central heat,DAC,True,,BG co2 stored,co2 atmosphere
CH urban central DAC,CH,CH urban central heat,DAC,True,,CH co2 stored,co2 atmosphere
CZ urban central DAC,CZ,CZ urban central heat,DAC,True,,CZ co2 stored,co2 atmosphere
DE urban central DAC,DE,DE urban central heat,DAC,True,,DE co2 stored,co2 atmosphere
DK urban central DAC,DK,DK urban central heat,DAC,True,,DK co2 stored,co2 atmosphere
EE urban central DAC,EE,EE urban central heat,DAC,True,,EE co2 stored,co2 atmosphere
ES urban central DAC,ES,ES urban central heat,DAC,True,,ES co2 stored,co2 atmosphere
FI urban central DAC,FI,FI urban central heat,DAC,True,,FI co2 stored,co2 atmosphere
FR urban central DAC,FR,FR urban central heat,DAC,True,,FR co2 stored,co2 atmosphere
GB urban central DAC,GB,GB urban central heat,DAC,True,,GB co2 stored,co2 atmosphere
GBI urban central DAC,GBI,GBI urban central heat,DAC,True,,GBI co2 stored,co2 atmosphere
GR urban central DAC,GR,GR urban central heat,DAC,True,,GR co2 stored,co2 atmosphere
HR urban central DAC,HR,HR urban central heat,DAC,True,,HR co2 stored,co2 atmosphere
HU urban central DAC,HU,HU urban central heat,DAC,True,,HU co2 stored,co2 atmosphere
IE urban central DAC,IE,IE urban central heat,DAC,True,,IE co2 stored,co2 atmosphere
IT urban central DAC,IT,IT urban central heat,DAC,True,,IT co2 stored,co2 atmosphere
LT urban central DAC,LT,LT urban central heat,DAC,True,,LT co2 stored,co2 atmosphere
LU urban central DAC,LU,LU urban central heat,DAC,True,,LU co2 stored,co2 atmosphere
LV urban central DAC,LV,LV urban central heat,DAC,True,,LV co2 stored,co2 atmosphere
ME urban central DAC,ME,ME urban central heat,DAC,True,,ME co2 stored,co2 atmosphere
MK urban central DAC,MK,MK urban central heat,DAC,True,,MK co2 stored,co2 atmosphere
NL urban central DAC,NL,NL urban central heat,DAC,True,,NL co2 stored,co2 atmosphere
NO urban central DAC,NO,NO urban central heat,DAC,True,,NO co2 stored,co2 atmosphere
PL urban central DAC,PL,PL urban central heat,DAC,True,,PL co2 stored,co2 atmosphere
PT urban central DAC,PT,PT urban central heat,DAC,True,,PT co2 stored,co2 atmosphere
RO urban central DAC,RO,RO urban central heat,DAC,True,,RO co2 stored,co2 atmosphere
RS urban central DAC,RS,RS urban central heat,DAC,True,,RS co2 stored,co2 atmosphere
SE urban central DAC,SE,SE urban central heat,DAC,True,,SE co2 stored,co2 atmosphere
SI urban central DAC,SI,SI urban central heat,DAC,True,,SI co2 stored,co2 atmosphere
SK urban central DAC,SK,SK urban central heat,DAC,True,,SK co2 stored,co2 atmosphere
XK urban central DAC,XK,XK urban central heat,DAC,True,,XK co2 stored,co2 atmosphere
AL solid biomass AL electrobiofuels oil-from-H2-only,AL solid biomass,EU oil from H2,electrobiofuels,True,,co2 atmosphere,AL H2
AT solid biomass AT electrobiofuels oil-from-H2-only,AT solid biomass,EU oil from H2,electrobiofuels,True,,co2 atmosphere,AT H2
BA solid biomass BA electrobiofuels oil-from-H2-only,BA solid biomass,EU oil from H2,electrobiofuels,True,,co2 atmosphere,BA H2
BE solid biomass BE electrobiofuels oil-from-H2-only,BE solid biomass,EU oil from H2,electrobiofuels,True,,co2 atmosphere,BE H2
BG solid biomass BG electrobiofuels oil-from-H2-only,BG solid biomass,EU oil from H2,electrobiofuels,True,,co2 atmosphere,BG H2
CH solid biomass CH electrobiofuels oil-from-H2-only,CH solid biomass,EU oil from H2,electrobiofuels,True,,co2 atmosphere,CH H2
CZ solid biomass CZ electrobiofuels oil-from-H2-only,CZ solid biomass,EU oil from H2,electrobiofuels,True,,co2 atmosphere,CZ H2
DE solid biomass DE electrobiofuels oil-from-H2-only,DE solid biomass,EU oil from H2,electrobiofuels,True,,co2 atmosphere,DE H2
DK solid biomass DK electrobiofuels oil-from-H2-only,DK solid biomass,EU oil from H2,electrobiofuels,True,,co2 atmosphere,DK H2
EE solid biomass EE electrobiofuels oil-from-H2-only,EE solid biomass,EU oil from H2,electrobiofuels,True,,co2 atmosphere,EE H2
ES solid biomass ES electrobiofuels oil-from-H2-only,ES solid biomass,EU oil from H2,electrobiofuels,True,,co2 atmosphere,ES H2
FI solid biomass FI electrobiofuels oil-from-H2-only,FI solid biomass,EU oil from H2,electrobiofuels,True,,co2 atmosphere,FI H2
FR solid biomass FR electrobiofuels oil-from-H2-only,FR solid biomass,EU oil from H2,electrobiofuels,True,,co2 atmosphere,FR H2
GB solid biomass GB electrobiofuels oil-from-H2-only,GB solid biomass,EU oil from H2,electrobiofuels,True,,co2 atmosphere,GB H2
GBI solid biomass GBI electrobiofuels oil-from-H2-only,GBI solid biomass,EU oil from H2,electrobiofuels,True,,co2 atmosphere,GBI H2
GR solid biomass GR electrobiofuels oil-from-H2-only,GR solid biomass,EU oil from H2,electrobiofuels,True,,co2 atmosphere,GR H2
HR solid biomass HR electrobiofuels oil-from-H2-only,HR solid biomass,EU oil from H2,electrobiofuels,True,,co2 atmosphere,HR H2
HU solid biomass HU electrobiofuels oil-from-H2-only,HU solid biomass,EU oil from H2,electrobiofuels,True,,co2 atmosphere,HU H2
IE solid biomass IE electrobiofuels oil-from-H2-only,IE solid biomass,EU oil from H2,electrobiofuels,True,,co2 atmosphere,IE H2
IT solid biomass IT electrobiofuels oil-from-H2-only,IT solid biomass,EU oil from H2,electrobiofuels,True,,co2 atmosphere,IT H2
LT solid biomass LT electrobiofuels oil-from-H2-only,LT solid biomass,EU oil from H2,electrobiofuels,True,,co2 atmosphere,LT H2
LU solid biomass LU electrobiofuels oil-from-H2-only,LU solid biomass,EU oil from H2,electrobiofuels,True,,co2 atmosphere,LU H2
LV solid biomass LV electrobiofuels oil-from-H2-only,LV solid biomass,EU oil from H2,electrobiofuels,True,,co2 atmosphere,LV H2
ME solid biomass ME electrobiofuels oil-from-H2-only,ME solid biomass,EU oil from H2,electrobiofuels,True,,co2 atmosphere,ME H2
MK solid biomass MK electrobiofuels oil-from-H2-only,MK solid biomass,EU oil from H2,electrobiofuels,True,,co2 atmosphere,MK H2
NL solid biomass NL electrobiofuels oil-from-H2-only,NL solid biomass,EU oil from H2,electrobiofuels,True,,co2 atmosphere,NL H2
NO solid biomass NO electrobiofuels oil-from-H2-only,NO solid biomass,EU oil from H2,electrobiofuels,True,,co2 atmosphere,NO H2
PL solid biomass PL electrobiofuels oil-from-H2-only,PL solid biomass,EU oil from H2,electrobiofuels,True,,co2 atmosphere,PL H2
PT solid biomass PT electrobiofuels oil-from-H2-only,PT solid biomass,EU oil from H2,electrobiofuels,True,,co2 atmosphere,PT H2
RO solid biomass RO electrobiofuels oil-from-H2-only,RO solid biomass,EU oil from H2,electrobiofuels,True,,co2 atmosphere,RO H2
RS solid biomass RS electrobiofuels oil-from-H2-only,RS solid biomass,EU oil from H2,electrobiofuels,True,,co2 atmosphere,RS H2
SE solid biomass SE electrobiofuels oil-from-H2-only,SE solid biomass,EU oil from H2,electrobiofuels,True,,co2 atmosphere,SE H2
SI solid biomass SI electrobiofuels oil-from-H2-only,SI solid biomass,EU oil from H2,electrobiofuels,True,,co2 atmosphere,SI H2
SK solid biomass SK electrobiofuels oil-from-H2-only,SK solid biomass,EU oil from H2,electrobiofuels,True,,co2 atmosphere,SK H2
XK solid biomass XK electrobiofuels oil-from-H2-only,XK solid biomass,EU oil from H2,electrobiofuels,True,,co2 atmosphere,XK H2
AL Fischer-Tropsch oil-from-H2-only,AL H2,EU oil from H2,Fischer-Tropsch,True,,AL urban central heat,AL co2 stored
AT Fischer-Tropsch oil-from-H2-only,AT H2,EU oil from H2,Fischer-Tropsch,True,,AT urban central heat,AT co2 stored
BA Fischer-Tropsch oil-from-H2-only,BA H2,EU oil from H2,Fischer-Tropsch,True,,BA urban central heat,BA co2 stored
BE Fischer-Tropsch oil-from-H2-only,BE H2,EU oil from H2,Fischer-Tropsch,True,,BE urban central heat,BE co2 stored
BG Fischer-Tropsch oil-from-H2-only,BG H2,EU oil from H2,Fischer-Tropsch,True,,BG urban central heat,BG co2 stored
CH Fischer-Tropsch oil-from-H2-only,CH H2,EU oil from H2,Fischer-Tropsch,True,,CH urban central heat,CH co2 stored
CZ Fischer-Tropsch oil-from-H2-only,CZ H2,EU oil from H2,Fischer-Tropsch,True,,CZ urban central heat,CZ co2 stored
DE Fischer-Tropsch oil-from-H2-only,DE H2,EU oil from H2,Fischer-Tropsch,True,,DE urban central heat,DE co2 stored
DK Fischer-Tropsch oil-from-H2-only,DK H2,EU oil from H2,Fischer-Tropsch,True,,DK urban central heat,DK co2 stored
EE Fischer-Tropsch oil-from-H2-only,EE H2,EU oil from H2,Fischer-Tropsch,True,,EE urban central heat,EE co2 stored
ES Fischer-Tropsch oil-from-H2-only,ES H2,EU oil from H2,Fischer-Tropsch,True,,ES urban central heat,ES co2 stored
FI Fischer-Tropsch oil-from-H2-only,FI H2,EU oil from H2,Fischer-Tropsch,True,,FI urban central heat,FI co2 stored
FR Fischer-Tropsch oil-from-H2-only,FR H2,EU oil from H2,Fischer-Tropsch,True,,FR urban central heat,FR co2 stored
GB Fischer-Tropsch oil-from-H2-only,GB H2,EU oil from H2,Fischer-Tropsch,True,,GB urban central heat,GB co2 stored
GBI Fischer-Tropsch oil-from-H2-only,GBI H2,EU oil from H2,Fischer-Tropsch,True,,GBI urban central heat,GBI co2 stored
GR Fischer-Tropsch oil-from-H2-only,GR H2,EU oil from H2,Fischer-Tropsch,True,,GR urban central heat,GR co2 stored
HR Fischer-Tropsch oil-from-H2-only,HR H2,EU oil from H2,Fischer-Tropsch,True,,HR urban central heat,HR co2 stored
HU Fischer-Tropsch oil-from-H2-only,HU H2,EU oil from H2,Fischer-Tropsch,True,,HU urban central heat,HU co2 stored
IE Fischer-Tropsch oil-from-H2-only,IE H2,EU oil from H2,Fischer-Tropsch,True,,IE urban central heat,IE co2 stored
IT Fischer-Tropsch oil-from-H2-only,IT H2,EU oil from H2,Fischer-Tropsch,True,,IT urban central heat,IT co2 stored
LT Fischer-Tropsch oil-from-H2-only,LT H2,EU oil from H2,Fischer-Tropsch,True,,LT urban central heat,LT co2 stored
LU Fischer-Tropsch oil-from-H2-only,LU H2,EU oil from H2,Fischer-Tropsch,True,,LU urban central heat,LU co2 stored
LV Fischer-Tropsch oil-from-H2-only,LV H2,EU oil from H2,Fischer-Tropsch,True,,LV urban central heat,LV co2 stored
ME Fischer-Tropsch oil-from-H2-only,ME H2,EU oil from H2,Fischer-Tropsch,True,,ME urban central heat,ME co2 stored
MK Fischer-Tropsch oil-from-H2-only,MK H2,EU oil from H2,Fischer-Tropsch,True,,MK urban central heat,MK co2 stored
NL Fischer-Tropsch oil-from-H2-only,NL H2,EU oil from H2,Fischer-Tropsch,True,,NL urban central heat,NL co2 stored
NO Fischer-Tropsch oil-from-H2-only,NO H2,EU oil from H2,Fischer-Tropsch,True,,NO urban central heat,NO co2 stored
PL Fischer-Tropsch oil-from-H2-only,PL H2,EU oil from H2,Fischer-Tropsch,True,,PL urban central heat,PL co2 stored
PT Fischer-Tropsch oil-from-H2-only,PT H2,EU oil from H2,Fischer-Tropsch,True,,PT urban central heat,PT co2 stored
RO Fischer-Tropsch oil-from-H2-only,RO H2,EU oil from H2,Fischer-Tropsch,True,,RO urban central heat,RO co2 stored
RS Fischer-Tropsch oil-from-H2-only,RS H2,EU oil from H2,Fischer-Tropsch,True,,RS urban central heat,RS co2 stored
SE Fischer-Tropsch oil-from-H2-only,SE H2,EU oil from H2,Fischer-Tropsch,True,,SE urban central heat,SE co2 stored
SI Fischer-Tropsch oil-from-H2-only,SI H2,EU oil from H2,Fischer-Tropsch,True,,SI urban central heat,SI co2 stored
SK Fischer-Tropsch oil-from-H2-only,SK H2,EU oil from H2,Fischer-Tropsch,True,,SK urban central heat,SK co2 stored
XK Fischer-Tropsch oil-from-H2-only,XK H2,EU oil from H2,Fischer-Tropsch,True,,XK urban central heat,XK co2 stored
CO2 pipeline AL -> GR,AL co2 stored,GR co2 stored,CO2 pipeline,True,,,
CO2 pipeline AL -> ME,AL co2 stored,ME co2 stored,CO2 pipeline,True,,,
CO2 pipeline AL -> MK,AL co2 stored,MK co2 stored,CO2 pipeline,True,,,
CO2 pipeline AL -> XK,AL co2 stored,XK co2 stored,CO2 pipeline,True,,,
CO2 pipeline AT -> CH,AT co2 stored,CH co2 stored,CO2 pipeline,True,,,
CO2 pipeline AT -> CZ,AT co2 stored,CZ co2 stored,CO2 pipeline,True,,,
CO2 pipeline AT -> DE,AT co2 stored,DE co2 stored,CO2 pipeline,True,,,
CO2 pipeline AT -> HU,AT co2 stored,HU co2 stored,CO2 pipeline,True,,,
CO2 pipeline AT -> IT,AT co2 stored,IT co2 stored,CO2 pipeline,True,,,
CO2 pipeline AT -> SI,AT co2 stored,SI co2 stored,CO2 pipeline,True,,,
CO2 pipeline BA -> HR,BA co2 stored,HR co2 stored,CO2 pipeline,True,,,
CO2 pipeline BA -> ME,BA co2 stored,ME co2 stored,CO2 pipeline,True,,,
CO2 pipeline BA -> RS,BA co2 stored,RS co2 stored,CO2 pipeline,True,,,
CO2 pipeline BE -> DE,BE co2 stored,DE co2 stored,CO2 pipeline,True,,,
CO2 pipeline BE -> FR,BE co2 stored,FR co2 stored,CO2 pipeline,True,,,
CO2 pipeline BE -> GB,BE co2 stored,GB co2 stored,CO2 pipeline,True,,,
CO2 pipeline BE -> LU,BE co2 stored,LU co2 stored,CO2 pipeline,True,,,
CO2 pipeline BE -> NL,BE co2 stored,NL co2 stored,CO2 pipeline,True,,,
CO2 pipeline BG -> GR,BG co2 stored,GR co2 stored,CO2 pipeline,True,,,
CO2 pipeline BG -> MK,BG co2 stored,MK co2 stored,CO2 pipeline,True,,,
CO2 pipeline BG -> RO,BG co2 stored,RO co2 stored,CO2 pipeline,True,,,
CO2 pipeline BG -> RS,BG co2 stored,RS co2 stored,CO2 pipeline,True,,,
CO2 pipeline CH -> DE,CH co2 stored,DE co2 stored,CO2 pipeline,True,,,
CO2 pipeline CH -> FR,CH co2 stored,FR co2 stored,CO2 pipeline,True,,,
CO2 pipeline CH -> IT,CH co2 stored,IT co2 stored,CO2 pipeline,True,,,
CO2 pipeline CZ -> DE,CZ co2 stored,DE co2 stored,CO2 pipeline,True,,,
CO2 pipeline CZ -> PL,CZ co2 stored,PL co2 stored,CO2 pipeline,True,,,
CO2 pipeline CZ -> SK,CZ co2 stored,SK co2 stored,CO2 pipeline,True,,,
CO2 pipeline DE -> DK,DE co2 stored,DK co2 stored,CO2 pipeline,True,,,
CO2 pipeline DE -> FR,DE co2 stored,FR co2 stored,CO2 pipeline,True,,,
CO2 pipeline DE -> GB,DE co2 stored,GB co2 stored,CO2 pipeline,True,,,
CO2 pipeline DE -> LU,DE co2 stored,LU co2 stored,CO2 pipeline,True,,,
CO2 pipeline DE -> NL,DE co2 stored,NL co2 stored,CO2 pipeline,True,,,
CO2 pipeline DE -> NO,DE co2 stored,NO co2 stored,CO2 pipeline,True,,,
CO2 pipeline DE -> PL,DE co2 stored,PL co2 stored,CO2 pipeline,True,,,
CO2 pipeline DE -> SE,DE co2 stored,SE co2 stored,CO2 pipeline,True,,,
CO2 pipeline DK -> GB,DK co2 stored,GB co2 stored,CO2 pipeline,True,,,
CO2 pipeline DK -> NL,DK co2 stored,NL co2 stored,CO2 pipeline,True,,,
CO2 pipeline DK -> NO,DK co2 stored,NO co2 stored,CO2 pipeline,True,,,
CO2 pipeline DK -> SE,DK co2 stored,SE co2 stored,CO2 pipeline,True,,,
CO2 pipeline EE -> FI,EE co2 stored,FI co2 stored,CO2 pipeline,True,,,
CO2 pipeline EE -> LV,EE co2 stored,LV co2 stored,CO2 pipeline,True,,,
CO2 pipeline ES -> FR,ES co2 stored,FR co2 stored,CO2 pipeline,True,,,
CO2 pipeline ES -> PT,ES co2 stored,PT co2 stored,CO2 pipeline,True,,,
CO2 pipeline FI -> NO,FI co2 stored,NO co2 stored,CO2 pipeline,True,,,
CO2 pipeline FI -> SE,FI co2 stored,SE co2 stored,CO2 pipeline,True,,,
CO2 pipeline FR -> GB,FR co2 stored,GB co2 stored,CO2 pipeline,True,,,
CO2 pipeline FR -> IE,FR co2 stored,IE co2 stored,CO2 pipeline,True,,,
CO2 pipeline FR -> IT,FR co2 stored,IT co2 stored,CO2 pipeline,True,,,
CO2 pipeline FR -> LU,FR co2 stored,LU co2 stored,CO2 pipeline,True,,,
CO2 pipeline GB -> GBI,GB co2 stored,GBI co2 stored,CO2 pipeline,True,,,
CO2 pipeline GB -> IE,GB co2 stored,IE co2 stored,CO2 pipeline,True,,,
CO2 pipeline GB -> NL,GB co2 stored,NL co2 stored,CO2 pipeline,True,,,
CO2 pipeline GB -> NO,GB co2 stored,NO co2 stored,CO2 pipeline,True,,,
CO2 pipeline GR -> IT,GR co2 stored,IT co2 stored,CO2 pipeline,True,,,
CO2 pipeline GR -> MK,GR co2 stored,MK co2 stored,CO2 pipeline,True,,,
CO2 pipeline HR -> HU,HR co2 stored,HU co2 stored,CO2 pipeline,True,,,
CO2 pipeline HR -> RS,HR co2 stored,RS co2 stored,CO2 pipeline,True,,,
CO2 pipeline HR -> SI,HR co2 stored,SI co2 stored,CO2 pipeline,True,,,
CO2 pipeline HU -> RO,HU co2 stored,RO co2 stored,CO2 pipeline,True,,,
CO2 pipeline HU -> RS,HU co2 stored,RS co2 stored,CO2 pipeline,True,,,
CO2 pipeline HU -> SI,HU co2 stored,SI co2 stored,CO2 pipeline,True,,,
CO2 pipeline HU -> SK,HU co2 stored,SK co2 stored,CO2 pipeline,True,,,
CO2 pipeline IT -> ME,IT co2 stored,ME co2 stored,CO2 pipeline,True,,,
CO2 pipeline IT -> SI,IT co2 stored,SI co2 stored,CO2 pipeline,True,,,
CO2 pipeline LT -> LV,LT co2 stored,LV co2 stored,CO2 pipeline,True,,,
CO2 pipeline LT -> PL,LT co2 stored,PL co2 stored,CO2 pipeline,True,,,
CO2 pipeline LT -> SE,LT co2 stored,SE co2 stored,CO2 pipeline,True,,,
CO2 pipeline ME -> RS,ME co2 stored,RS co2 stored,CO2 pipeline,True,,,
CO2 pipeline ME -> XK,ME co2 stored,XK co2 stored,CO2 pipeline,True,,,
CO2 pipeline MK -> RS,MK co2 stored,RS co2 stored,CO2 pipeline,True,,,
CO2 pipeline MK -> XK,MK co2 stored,XK co2 stored,CO2 pipeline,True,,,
CO2 pipeline NL -> NO,NL co2 stored,NO co2 stored,CO2 pipeline,True,,,
CO2 pipeline NO -> SE,NO co2 stored,SE co2 stored,CO2 pipeline,True,,,
CO2 pipeline PL -> SE,PL co2 stored,SE co2 stored,CO2 pipeline,True,,,
CO2 pipeline PL -> SK,PL co2 stored,SK co2 stored,CO2 pipeline,True,,,
CO2 pipeline RO -> RS,RO co2 stored,RS co2 stored,CO2 pipeline,True,,,
CO2 pipeline RS -> XK,RS co2 stored,XK co2 stored,CO2 pipeline,True,,,
AL electricity distribution grid,AL,AL low voltage,electricity distribution grid,True,,,
AT electricity distribution grid,AT,AT low voltage,electricity distribution grid,True,,,
BA electricity distribution grid,BA,BA low voltage,electricity distribution grid,True,,,
BE electricity distribution grid,BE,BE low voltage,electricity distribution grid,True,,,
BG electricity distribution grid,BG,BG low voltage,electricity distribution grid,True,,,
CH electricity distribution grid,CH,CH low voltage,electricity distribution grid,True,,,
CZ electricity distribution grid,CZ,CZ low voltage,electricity distribution grid,True,,,
DE electricity distribution grid,DE,DE low voltage,electricity distribution grid,True,,,
DK electricity distribution grid,DK,DK low voltage,electricity distribution grid,True,,,
EE electricity distribution grid,EE,EE low voltage,electricity distribution grid,True,,,
ES electricity distribution grid,ES,ES low voltage,electricity distribution grid,True,,,
FI electricity distribution grid,FI,FI low voltage,electricity distribution grid,True,,,
FR electricity distribution grid,FR,FR low voltage,electricity distribution grid,True,,,
GB electricity distribution grid,GB,GB low voltage,electricity distribution grid,True,,,
GBI electricity distribution grid,GBI,GBI low voltage,electricity distribution grid,True,,,
GR electricity distribution grid,GR,GR low voltage,electricity distribution grid,True,,,
HR electricity distribution grid,HR,HR low voltage,electricity distribution grid,True,,,
HU electricity distribution grid,HU,HU low voltage,electricity distribution grid,True,,,
IE electricity distribution grid,IE,IE low voltage,electricity distribution grid,True,,,
IT electricity distribution grid,IT,IT low voltage,electricity distribution grid,True,,,
LT electricity distribution grid,LT,LT low voltage,electricity distribution grid,True,,,
LU electricity distribution grid,LU,LU low voltage,electricity distribution grid,True,,,
LV electricity distribution grid,LV,LV low voltage,electricity distribution grid,True,,,
ME electricity distribution grid,ME,ME low voltage,electricity distribution grid,True,,,
MK electricity distribution grid,MK,MK low voltage,electricity distribution grid,True,,,
NL electricity distribution grid,NL,NL low voltage,electricity distribution grid,True,,,
NO electricity distribution grid,NO,NO low voltage,electricity distribution grid,True,,,
PL electricity distribution grid,PL,PL low voltage,electricity distribution grid,True,,,
PT electricity distribution grid,PT,PT low voltage,electricity distribution grid,True,,,
RO electricity distribution grid,RO,RO low voltage,electricity distribution grid,True,,,
RS electricity distribution grid,RS,RS low voltage,electricity distribution grid,True,,,
SE electricity distribution grid,SE,SE low voltage,electricity distribution grid,True,,,
SI electricity distribution grid,SI,SI low voltage,electricity distribution grid,True,,,
SK electricity distribution grid,SK,SK low voltage,electricity distribution grid,True,,,
XK electricity distribution grid,XK,XK low voltage,electricity distribution grid,True,,,
AL home battery charger,AL low voltage,AL home battery,home battery charger,True,,,
AT home battery charger,AT low voltage,AT home battery,home battery charger,True,,,
BA home battery charger,BA low voltage,BA home battery,home battery charger,True,,,
BE home battery charger,BE low voltage,BE home battery,home battery charger,True,,,
BG home battery charger,BG low voltage,BG home battery,home battery charger,True,,,
CH home battery charger,CH low voltage,CH home battery,home battery charger,True,,,
CZ home battery charger,CZ low voltage,CZ home battery,home battery charger,True,,,
DE home battery charger,DE low voltage,DE home battery,home battery charger,True,,,
DK home battery charger,DK low voltage,DK home battery,home battery charger,True,,,
EE home battery charger,EE low voltage,EE home battery,home battery charger,True,,,
ES home battery charger,ES low voltage,ES home battery,home battery charger,True,,,
FI home battery charger,FI low voltage,FI home battery,home battery charger,True,,,
FR home battery charger,FR low voltage,FR home battery,home battery charger,True,,,
GB home battery charger,GB low voltage,GB home battery,home battery charger,True,,,
GBI home battery charger,GBI low voltage,GBI home battery,home battery charger,True,,,
GR home battery charger,GR low voltage,GR home battery,home battery charger,True,,,
HR home battery charger,HR low voltage,HR home battery,home battery charger,True,,,
HU home battery charger,HU low voltage,HU home battery,home battery charger,True,,,
IE home battery charger,IE low voltage,IE home battery,home battery charger,True,,,
IT home battery charger,IT low voltage,IT home battery,home battery charger,True,,,
LT home battery charger,LT low voltage,LT home battery,home battery charger,True,,,
LU home battery charger,LU low voltage,LU home battery,home battery charger,True,,,
LV home battery charger,LV low voltage,LV home battery,home battery charger,True,,,
ME home battery charger,ME low voltage,ME home battery,home battery charger,True,,,
MK home battery charger,MK low voltage,MK home battery,home battery charger,True,,,
NL home battery charger,NL low voltage,NL home battery,home battery charger,True,,,
NO home battery charger,NO low voltage,NO home battery,home battery charger,True,,,
PL home battery charger,PL low voltage,PL home battery,home battery charger,True,,,
PT home battery charger,PT low voltage,PT home battery,home battery charger,True,,,
RO home battery charger,RO low voltage,RO home battery,home battery charger,True,,,
RS home battery charger,RS low voltage,RS home battery,home battery charger,True,,,
SE home battery charger,SE low voltage,SE home battery,home battery charger,True,,,
SI home battery charger,SI low voltage,SI home battery,home battery charger,True,,,
SK home battery charger,SK low voltage,SK home battery,home battery charger,True,,,
XK home battery charger,XK low voltage,XK home battery,home battery charger,True,,,
AL home battery discharger,AL home battery,AL low voltage,home battery discharger,True,,,
AT home battery discharger,AT home battery,AT low voltage,home battery discharger,True,,,
BA home battery discharger,BA home battery,BA low voltage,home battery discharger,True,,,
BE home battery discharger,BE home battery,BE low voltage,home battery discharger,True,,,
BG home battery discharger,BG home battery,BG low voltage,home battery discharger,True,,,
CH home battery discharger,CH home battery,CH low voltage,home battery discharger,True,,,
CZ home battery discharger,CZ home battery,CZ low voltage,home battery discharger,True,,,
DE home battery discharger,DE home battery,DE low voltage,home battery discharger,True,,,
DK home battery discharger,DK home battery,DK low voltage,home battery discharger,True,,,
EE home battery discharger,EE home battery,EE low voltage,home battery discharger,True,,,
ES home battery discharger,ES home battery,ES low voltage,home battery discharger,True,,,
FI home battery discharger,FI home battery,FI low voltage,home battery discharger,True,,,
FR home battery discharger,FR home battery,FR low voltage,home battery discharger,True,,,
GB home battery discharger,GB home battery,GB low voltage,home battery discharger,True,,,
GBI home battery discharger,GBI home battery,GBI low voltage,home battery discharger,True,,,
GR home battery discharger,GR home battery,GR low voltage,home battery discharger,True,,,
HR home battery discharger,HR home battery,HR low voltage,home battery discharger,True,,,
HU home battery discharger,HU home battery,HU low voltage,home battery discharger,True,,,
IE home battery discharger,IE home battery,IE low voltage,home battery discharger,True,,,
IT home battery discharger,IT home battery,IT low voltage,home battery discharger,True,,,
LT home battery discharger,LT home battery,LT low voltage,home battery discharger,True,,,
LU home battery discharger,LU home battery,LU low voltage,home battery discharger,True,,,
LV home battery discharger,LV home battery,LV low voltage,home battery discharger,True,,,
ME home battery discharger,ME home battery,ME low voltage,home battery discharger,True,,,
MK home battery discharger,MK home battery,MK low voltage,home battery discharger,True,,,
NL home battery discharger,NL home battery,NL low voltage,home battery discharger,True,,,
NO home battery discharger,NO home battery,NO low voltage,home battery discharger,True,,,
PL home battery discharger,PL home battery,PL low voltage,home battery discharger,True,,,
PT home battery discharger,PT home battery,PT low voltage,home battery discharger,True,,,
RO home battery discharger,RO home battery,RO low voltage,home battery discharger,True,,,
RS home battery discharger,RS home battery,RS low voltage,home battery discharger,True,,,
SE home battery discharger,SE home battery,SE low voltage,home battery discharger,True,,,
SI home battery discharger,SI home battery,SI low voltage,home battery discharger,True,,,
SK home battery discharger,SK home battery,SK low voltage,home battery discharger,True,,,
XK home battery discharger,XK home battery,XK low voltage,home battery discharger,True,,,
relation/10377412-320-DC-reversed,GB,FR,DC,True,,,
relation/13295785-515-DC-reversed,GB,NO,DC,True,,,
relation/14126301-450-DC-reversed,NL,GB,DC,True,,,
relation/15772117-320-DC-reversed,FR,GB,DC,True,,,
relation/15781671-525-DC-reversed,DK,GB,DC,True,,,
relation/16213216-525-DC-reversed,NO,DE,DC,True,,,
relation/2127794-270-DC-reversed,FR,GB,DC,True,,,
relation/2505320-400-DC-reversed,DE,DK,DC,True,,,
relation/3391794-200-DC-reversed,FR,IT,DC,True,,,
relation/3391931-350-DC-reversed,NO,DK,DC,True,,,
relation/3391954-500-DC-reversed,SE,FI,DC,True,,,
relation/3392010-450-DC-reversed,SE,PL,DC,True,,,
relation/3918230-450-DC-reversed,SE,DE,DC,True,,,
relation/6886400-450-DC-reversed,FI,EE,DC,True,,,
relation/8184629-300-DC-reversed,SE,DK,DC,True,,,
relation/8184630-150-DC-reversed,FI,EE,DC,True,,,
relation/8184631-400-DC-reversed,FI,SE,DC,True,,,
relation/8184632-500-DC-reversed,NO,DK,DC,True,,,
relation/8184641-200-DC-reversed,IE,GB,DC,True,,,
relation/8185420-320-DC-reversed,NL,DK,DC,True,,,
relation/8185455-300-DC-reversed,SE,LT,DC,True,,,
relation/8185487-400-DC-reversed,BE,GB,DC,True,,,
relation/8185664-400-DC-reversed,GR,IT,DC,True,,,
relation/8185767-500-DC-reversed,ME,IT,DC,True,,,
relation/8193755-320-DC-reversed,DE,BE,DC,True,,,
relation/9934065-320-DC-reversed,ES,FR,DC,True,,,
relation/9934066-320-DC-reversed,ES,FR,DC,True,,,
relation/9965201-450-DC-reversed,NO,NL,DC,True,,,
relation/9982798-200-DC-reversed,IT,FR,DC,True,,,
TYNDP2020_6-reversed,ME,IT,DC,True,,,
TYNDP2020_17-reversed,FR,IE,DC,True,,,
TYNDP2020_29-reversed,FR,IT,DC,True,,,
TYNDP2020_30-reversed,IT,FR,DC,True,,,
TYNDP2020_31-reversed,SI,IT,DC,True,,,
TYNDP2020_32-reversed,DE,GB,DC,True,,,
TYNDP2020_33-reversed,PL,LT,DC,True,,,
TYNDP2020_36-reversed,FR,GB,DC,True,,,
TYNDP2020_37-reversed,CH,IT,DC,True,,,
TYNDP2020_38-reversed,DE,SE,DC,True,,,
DC2-reversed,FR,DE,DC,True,,,
TYNDP2024_153-reversed,FR,GB,DC,True,,,
TYNDP2024_285-reversed,FR,GB,DC,True,,,
TYNDP2024_16-reversed,FR,ES,DC,True,,,
TYNDP2022_286-reversed,GB,IE,DC,True,,,
H2 pipeline AL -> GR-reversed,GR H2,AL H2,H2 pipeline,True,,,GR
H2 pipeline AL -> IT-reversed,IT H2,AL H2,H2 pipeline,True,,,IT
H2 pipeline AL -> ME-reversed,ME H2,AL H2,H2 pipeline,True,,,ME
H2 pipeline AL -> MK-reversed,MK H2,AL H2,H2 pipeline,True,,,MK
H2 pipeline AL -> XK-reversed,XK H2,AL H2,H2 pipeline,True,,,XK
H2 pipeline AT -> CH-reversed,CH H2,AT H2,H2 pipeline,True,,,CH
H2 pipeline AT -> CZ-reversed,CZ H2,AT H2,H2 pipeline,True,,,CZ
H2 pipeline AT -> DE-reversed,DE H2,AT H2,H2 pipeline,True,,,DE
H2 pipeline AT -> HU-reversed,HU H2,AT H2,H2 pipeline,True,,,HU
H2 pipeline AT -> IT-reversed,IT H2,AT H2,H2 pipeline,True,,,IT
H2 pipeline AT -> SI-reversed,SI H2,AT H2,H2 pipeline,True,,,SI
H2 pipeline AT -> SK-reversed,SK H2,AT H2,H2 pipeline,True,,,SK
H2 pipeline BA -> HR-reversed,HR H2,BA H2,H2 pipeline,True,,,HR
H2 pipeline BA -> ME-reversed,ME H2,BA H2,H2 pipeline,True,,,ME
H2 pipeline BA -> RS-reversed,RS H2,BA H2,H2 pipeline,True,,,RS
H2 pipeline BE -> DE-reversed,DE H2,BE H2,H2 pipeline,True,,,DE
H2 pipeline BE -> FR-reversed,FR H2,BE H2,H2 pipeline,True,,,FR
H2 pipeline BE -> GB-reversed,GB H2,BE H2,H2 pipeline,True,,,GB
H2 pipeline BE -> LU-reversed,LU H2,BE H2,H2 pipeline,True,,,LU
H2 pipeline BE -> NL-reversed,NL H2,BE H2,H2 pipeline,True,,,NL
H2 pipeline BE -> NO-reversed,NO H2,BE H2,H2 pipeline,True,,,NO
H2 pipeline BG -> GR-reversed,GR H2,BG H2,H2 pipeline,True,,,GR
H2 pipeline BG -> MK-reversed,MK H2,BG H2,H2 pipeline,True,,,MK
H2 pipeline BG -> RO-reversed,RO H2,BG H2,H2 pipeline,True,,,RO
H2 pipeline BG -> RS-reversed,RS H2,BG H2,H2 pipeline,True,,,RS
H2 pipeline CH -> DE-reversed,DE H2,CH H2,H2 pipeline,True,,,DE
H2 pipeline CH -> FR-reversed,FR H2,CH H2,H2 pipeline,True,,,FR
H2 pipeline CH -> IT-reversed,IT H2,CH H2,H2 pipeline,True,,,IT
H2 pipeline CZ -> DE-reversed,DE H2,CZ H2,H2 pipeline,True,,,DE
H2 pipeline CZ -> PL-reversed,PL H2,CZ H2,H2 pipeline,True,,,PL
H2 pipeline CZ -> SK-reversed,SK H2,CZ H2,H2 pipeline,True,,,SK
H2 pipeline DE -> DK-reversed,DK H2,DE H2,H2 pipeline,True,,,DK
H2 pipeline DE -> FR-reversed,FR H2,DE H2,H2 pipeline,True,,,FR
H2 pipeline DE -> GB-reversed,GB H2,DE H2,H2 pipeline,True,,,GB
H2 pipeline DE -> LU-reversed,LU H2,DE H2,H2 pipeline,True,,,LU
H2 pipeline DE -> NL-reversed,NL H2,DE H2,H2 pipeline,True,,,NL
H2 pipeline DE -> NO-reversed,NO H2,DE H2,H2 pipeline,True,,,NO
H2 pipeline DE -> PL-reversed,PL H2,DE H2,H2 pipeline,True,,,PL
H2 pipeline DE -> SE-reversed,SE H2,DE H2,H2 pipeline,True,,,SE
H2 pipeline DK -> GB-reversed,GB H2,DK H2,H2 pipeline,True,,,GB
H2 pipeline DK -> NL-reversed,NL H2,DK H2,H2 pipeline,True,,,NL
H2 pipeline DK -> NO-reversed,NO H2,DK H2,H2 pipeline,True,,,NO
H2 pipeline DK -> SE-reversed,SE H2,DK H2,H2 pipeline,True,,,SE
H2 pipeline EE -> FI-reversed,FI H2,EE H2,H2 pipeline,True,,,FI
H2 pipeline EE -> LV-reversed,LV H2,EE H2,H2 pipeline,True,,,LV
H2 pipeline ES -> FR-reversed,FR H2,ES H2,H2 pipeline,True,,,FR
H2 pipeline ES -> PT-reversed,PT H2,ES H2,H2 pipeline,True,,,PT
H2 pipeline FI -> NO-reversed,NO H2,FI H2,H2 pipeline,True,,,NO
H2 pipeline FI -> SE-reversed,SE H2,FI H2,H2 pipeline,True,,,SE
H2 pipeline FR -> GB-reversed,GB H2,FR H2,H2 pipeline,True,,,GB
H2 pipeline FR -> IE-reversed,IE H2,FR H2,H2 pipeline,True,,,IE
H2 pipeline FR -> IT-reversed,IT H2,FR H2,H2 pipeline,True,,,IT
H2 pipeline FR -> LU-reversed,LU H2,FR H2,H2 pipeline,True,,,LU
H2 pipeline FR -> NO-reversed,NO H2,FR H2,H2 pipeline,True,,,NO
H2 pipeline GB -> GBI-reversed,GBI H2,GB H2,H2 pipeline,True,,,GBI
H2 pipeline GB -> IE-reversed,IE H2,GB H2,H2 pipeline,True,,,IE
H2 pipeline GB -> NL-reversed,NL H2,GB H2,H2 pipeline,True,,,NL
H2 pipeline GB -> NO-reversed,NO H2,GB H2,H2 pipeline,True,,,NO
H2 pipeline GR -> IT-reversed,IT H2,GR H2,H2 pipeline,True,,,IT
H2 pipeline GR -> MK-reversed,MK H2,GR H2,H2 pipeline,True,,,MK
H2 pipeline HR -> HU-reversed,HU H2,HR H2,H2 pipeline,True,,,HU
H2 pipeline HR -> RS-reversed,RS H2,HR H2,H2 pipeline,True,,,RS
H2 pipeline HR -> SI-reversed,SI H2,HR H2,H2 pipeline,True,,,SI
H2 pipeline HU -> RO-reversed,RO H2,HU H2,H2 pipeline,True,,,RO
H2 pipeline HU -> RS-reversed,RS H2,HU H2,H2 pipeline,True,,,RS
H2 pipeline HU -> SI-reversed,SI H2,HU H2,H2 pipeline,True,,,SI
H2 pipeline HU -> SK-reversed,SK H2,HU H2,H2 pipeline,True,,,SK
H2 pipeline IT -> ME-reversed,ME H2,IT H2,H2 pipeline,True,,,ME
H2 pipeline IT -> SI-reversed,SI H2,IT H2,H2 pipeline,True,,,SI
H2 pipeline LT -> LV-reversed,LV H2,LT H2,H2 pipeline,True,,,LV
H2 pipeline LT -> PL-reversed,PL H2,LT H2,H2 pipeline,True,,,PL
H2 pipeline LT -> SE-reversed,SE H2,LT H2,H2 pipeline,True,,,SE
H2 pipeline ME -> RS-reversed,RS H2,ME H2,H2 pipeline,True,,,RS
H2 pipeline ME -> XK-reversed,XK H2,ME H2,H2 pipeline,True,,,XK
H2 pipeline MK -> RS-reversed,RS H2,MK H2,H2 pipeline,True,,,RS
H2 pipeline MK -> XK-reversed,XK H2,MK H2,H2 pipeline,True,,,XK
H2 pipeline NL -> NO-reversed,NO H2,NL H2,H2 pipeline,True,,,NO
H2 pipeline NO -> SE-reversed,SE H2,NO H2,H2 pipeline,True,,,SE
H2 pipeline PL -> SE-reversed,SE H2,PL H2,H2 pipeline,True,,,SE
H2 pipeline PL -> SK-reversed,SK H2,PL H2,H2 pipeline,True,,,SK
H2 pipeline RO -> RS-reversed,RS H2,RO H2,H2 pipeline,True,,,RS
H2 pipeline RS -> XK-reversed,XK H2,RS H2,H2 pipeline,True,,,XK
gas pipeline AL -> IT-reversed,IT gas,AL gas,gas pipeline,False,,,IT
gas pipeline AT -> DE-reversed,DE gas,AT gas,gas pipeline,False,,,DE
gas pipeline AT -> HU-reversed,HU gas,AT gas,gas pipeline,False,,,HU
gas pipeline AT -> SI-reversed,SI gas,AT gas,gas pipeline,False,,,SI
gas pipeline AT -> SK-reversed,SK gas,AT gas,gas pipeline,False,,,SK
gas pipeline AT <-> DE-reversed,DE gas,AT gas,gas pipeline,False,,,DE
gas pipeline AT <-> IT-reversed,IT gas,AT gas,gas pipeline,False,,,IT
gas pipeline BA -> RS-reversed,RS gas,BA gas,gas pipeline,False,,,RS
gas pipeline BE -> FR-reversed,FR gas,BE gas,gas pipeline,False,,,FR
gas pipeline BE -> LU-reversed,LU gas,BE gas,gas pipeline,False,,,LU
gas pipeline BE -> NL-reversed,NL gas,BE gas,gas pipeline,False,,,NL
gas pipeline BE <-> NL-reversed,NL gas,BE gas,gas pipeline,False,,,NL
gas pipeline BG -> MK-reversed,MK gas,BG gas,gas pipeline,False,,,MK
gas pipeline BG -> RO-reversed,RO gas,BG gas,gas pipeline,False,,,RO
gas pipeline BG <-> GR-reversed,GR gas,BG gas,gas pipeline,False,,,GR
gas pipeline BG <-> RO-reversed,RO gas,BG gas,gas pipeline,False,,,RO
gas pipeline CH -> AT-reversed,AT gas,CH gas,gas pipeline,False,,,AT
gas pipeline CH -> DE-reversed,DE gas,CH gas,gas pipeline,False,,,DE
gas pipeline CH <-> DE-reversed,DE gas,CH gas,gas pipeline,False,,,DE
gas pipeline CH <-> FR-reversed,FR gas,CH gas,gas pipeline,False,,,FR
gas pipeline CH <-> IT-reversed,IT gas,CH gas,gas pipeline,False,,,IT
gas pipeline CZ -> PL-reversed,PL gas,CZ gas,gas pipeline,False,,,PL
gas pipeline CZ <-> DE-reversed,DE gas,CZ gas,gas pipeline,False,,,DE
gas pipeline CZ <-> SK-reversed,SK gas,CZ gas,gas pipeline,False,,,SK
gas pipeline DE -> AT-reversed,AT gas,DE gas,gas pipeline,False,,,AT
gas pipeline DE -> BE-reversed,BE gas,DE gas,gas pipeline,False,,,BE
gas pipeline DE -> CH-reversed,CH gas,DE gas,gas pipeline,False,,,CH
gas pipeline DE -> CZ-reversed,CZ gas,DE gas,gas pipeline,False,,,CZ
gas pipeline DE -> FR-reversed,FR gas,DE gas,gas pipeline,False,,,FR
gas pipeline DE -> LU-reversed,LU gas,DE gas,gas pipeline,False,,,LU
gas pipeline DE -> NL-reversed,NL gas,DE gas,gas pipeline,False,,,NL
gas pipeline DE -> PL-reversed,PL gas,DE gas,gas pipeline,False,,,PL
gas pipeline DE <-> AT-reversed,AT gas,DE gas,gas pipeline,False,,,AT
gas pipeline DE <-> CZ-reversed,CZ gas,DE gas,gas pipeline,False,,,CZ
gas pipeline DE <-> NL-reversed,NL gas,DE gas,gas pipeline,False,,,NL
gas pipeline DE <-> PL-reversed,PL gas,DE gas,gas pipeline,False,,,PL
gas pipeline DK -> DE-reversed,DE gas,DK gas,gas pipeline,False,,,DE
gas pipeline DK -> NO-reversed,NO gas,DK gas,gas pipeline,False,,,NO
gas pipeline DK -> SE-reversed,SE gas,DK gas,gas pipeline,False,,,SE
gas pipeline DK <-> DE-reversed,DE gas,DK gas,gas pipeline,False,,,DE
gas pipeline EE -> LV-reversed,LV gas,EE gas,gas pipeline,False,,,LV
gas pipeline ES -> FR-reversed,FR gas,ES gas,gas pipeline,False,,,FR
gas pipeline ES <-> FR-reversed,FR gas,ES gas,gas pipeline,False,,,FR
gas pipeline FR -> CH-reversed,CH gas,FR gas,gas pipeline,False,,,CH
gas pipeline FR -> DE-reversed,DE gas,FR gas,gas pipeline,False,,,DE
gas pipeline FR -> ES-reversed,ES gas,FR gas,gas pipeline,False,,,ES
gas pipeline FR -> LU-reversed,LU gas,FR gas,gas pipeline,False,,,LU
gas pipeline FR <-> BE-reversed,BE gas,FR gas,gas pipeline,False,,,BE
gas pipeline FR <-> CH-reversed,CH gas,FR gas,gas pipeline,False,,,CH
gas pipeline FR <-> ES-reversed,ES gas,FR gas,gas pipeline,False,,,ES
gas pipeline GB -> GBI-reversed,GBI gas,GB gas,gas pipeline,False,,,GBI
gas pipeline GB -> NL-reversed,NL gas,GB gas,gas pipeline,False,,,NL
gas pipeline GB -> NO-reversed,NO gas,GB gas,gas pipeline,False,,,NO
gas pipeline GB <-> BE-reversed,BE gas,GB gas,gas pipeline,False,,,BE
gas pipeline GR -> AL-reversed,AL gas,GR gas,gas pipeline,False,,,AL
gas pipeline GR -> BG-reversed,BG gas,GR gas,gas pipeline,False,,,BG
gas pipeline HR -> SI-reversed,SI gas,HR gas,gas pipeline,False,,,SI
gas pipeline HR <-> SI-reversed,SI gas,HR gas,gas pipeline,False,,,SI
gas pipeline HU -> HR-reversed,HR gas,HU gas,gas pipeline,False,,,HR
gas pipeline HU -> RS-reversed,RS gas,HU gas,gas pipeline,False,,,RS
gas pipeline HU <-> HR-reversed,HR gas,HU gas,gas pipeline,False,,,HR
gas pipeline HU <-> RO-reversed,RO gas,HU gas,gas pipeline,False,,,RO
gas pipeline IE -> GB-reversed,GB gas,IE gas,gas pipeline,False,,,GB
gas pipeline IT <-> AT-reversed,AT gas,IT gas,gas pipeline,False,,,AT
gas pipeline IT <-> SI-reversed,SI gas,IT gas,gas pipeline,False,,,SI
gas pipeline LT -> LV-reversed,LV gas,LT gas,gas pipeline,False,,,LV
gas pipeline LU -> BE-reversed,BE gas,LU gas,gas pipeline,False,,,BE
gas pipeline LU -> FR-reversed,FR gas,LU gas,gas pipeline,False,,,FR
gas pipeline LV -> LT-reversed,LT gas,LV gas,gas pipeline,False,,,LT
gas pipeline LV <-> LT-reversed,LT gas,LV gas,gas pipeline,False,,,LT
gas pipeline NL -> BE-reversed,BE gas,NL gas,gas pipeline,False,,,BE
gas pipeline NL -> DE-reversed,DE gas,NL gas,gas pipeline,False,,,DE
gas pipeline NL -> GB-reversed,GB gas,NL gas,gas pipeline,False,,,GB
gas pipeline NL -> NO-reversed,NO gas,NL gas,gas pipeline,False,,,NO
gas pipeline NL <-> DE-reversed,DE gas,NL gas,gas pipeline,False,,,DE
gas pipeline NL <-> GB-reversed,GB gas,NL gas,gas pipeline,False,,,GB
gas pipeline NO -> BE-reversed,BE gas,NO gas,gas pipeline,False,,,BE
gas pipeline NO -> DE-reversed,DE gas,NO gas,gas pipeline,False,,,DE
gas pipeline NO -> FR-reversed,FR gas,NO gas,gas pipeline,False,,,FR
gas pipeline NO -> GB-reversed,GB gas,NO gas,gas pipeline,False,,,GB
gas pipeline PL -> CZ-reversed,CZ gas,PL gas,gas pipeline,False,,,CZ
gas pipeline PL -> DE-reversed,DE gas,PL gas,gas pipeline,False,,,DE
gas pipeline PL <-> DE-reversed,DE gas,PL gas,gas pipeline,False,,,DE
gas pipeline PT <-> ES-reversed,ES gas,PT gas,gas pipeline,False,,,ES
gas pipeline RS -> BA-reversed,BA gas,RS gas,gas pipeline,False,,,BA
gas pipeline SI -> HR-reversed,HR gas,SI gas,gas pipeline,False,,,HR
gas pipeline SK -> HU-reversed,HU gas,SK gas,gas pipeline,False,,,HU
gas pipeline SK <-> AT-reversed,AT gas,SK gas,gas pipeline,False,,,AT
gas pipeline SK <-> CZ-reversed,CZ gas,SK gas,gas pipeline,False,,,CZ
AL electricity distribution grid-reversed,AL low voltage,AL,electricity distribution grid,True,,,
AT electricity distribution grid-reversed,AT low voltage,AT,electricity distribution grid,True,,,
BA electricity distribution grid-reversed,BA low voltage,BA,electricity distribution grid,True,,,
BE electricity distribution grid-reversed,BE low voltage,BE,electricity distribution grid,True,,,
BG electricity distribution grid-reversed,BG low voltage,BG,electricity distribution grid,True,,,
CH electricity distribution grid-reversed,CH low voltage,CH,electricity distribution grid,True,,,
CZ electricity distribution grid-reversed,CZ low voltage,CZ,electricity distribution grid,True,,,
DE electricity distribution grid-reversed,DE low voltage,DE,electricity distribution grid,True,,,
DK electricity distribution grid-reversed,DK low voltage,DK,electricity distribution grid,True,,,
EE electricity distribution grid-reversed,EE low voltage,EE,electricity distribution grid,True,,,
ES electricity distribution grid-reversed,ES low voltage,ES,electricity distribution grid,True,,,
FI electricity distribution grid-reversed,FI low voltage,FI,electricity distribution grid,True,,,
FR electricity distribution grid-reversed,FR low voltage,FR,electricity distribution grid,True,,,
GB electricity distribution grid-reversed,GB low voltage,GB,electricity distribution grid,True,,,
GBI electricity distribution grid-reversed,GBI low voltage,GBI,electricity distribution grid,True,,,
GR electricity distribution grid-reversed,GR low voltage,GR,electricity distribution grid,True,,,
HR electricity distribution grid-reversed,HR low voltage,HR,electricity distribution grid,True,,,
HU electricity distribution grid-reversed,HU low voltage,HU,electricity distribution grid,True,,,
IE electricity distribution grid-reversed,IE low voltage,IE,electricity distribution grid,True,,,
IT electricity distribution grid-reversed,IT low voltage,IT,electricity distribution grid,True,,,
LT electricity distribution grid-reversed,LT low voltage,LT,electricity distribution grid,True,,,
LU electricity distribution grid-reversed,LU low voltage,LU,electricity distribution grid,True,,,
LV electricity distribution grid-reversed,LV low voltage,LV,electricity distribution grid,True,,,
ME electricity distribution grid-reversed,ME low voltage,ME,electricity distribution grid,True,,,
MK electricity distribution grid-reversed,MK low voltage,MK,electricity distribution grid,True,,,
NL electricity distribution grid-reversed,NL low voltage,NL,electricity distribution grid,True,,,
NO electricity distribution grid-reversed,NO low voltage,NO,electricity distribution grid,True,,,
PL electricity distribution grid-reversed,PL low voltage,PL,electricity distribution grid,True,,,
PT electricity distribution grid-reversed,PT low voltage,PT,electricity distribution grid,True,,,
RO electricity distribution grid-reversed,RO low voltage,RO,electricity distribution grid,True,,,
RS electricity distribution grid-reversed,RS low voltage,RS,electricity distribution grid,True,,,
SE electricity distribution grid-reversed,SE low voltage,SE,electricity distribution grid,True,,,
SI electricity distribution grid-reversed,SI low voltage,SI,electricity distribution grid,True,,,
SK electricity distribution grid-reversed,SK low voltage,SK,electricity distribution grid,True,,,
XK electricity distribution grid-reversed,XK low voltage,XK,electricity distribution grid,True,,,
AL rural air heat pump,AL rural heat,AL low voltage,rural air heat pump,True,,,
AL rural air heat pump electricity-only,AL electricity rural heat,AL low voltage,rural air heat pump,True,,,
AL rural biomass boiler,AL solid biomass,AL rural heat,rural biomass boiler,True,,,
AL rural gas boiler,AL gas,AL rural heat,rural gas boiler,True,,,co2 atmosphere
AL rural gas boiler gas-only,AL gas,AL gas rural heat,rural gas boiler,True,,,co2 atmosphere
AL rural ground heat pump,AL rural heat,AL low voltage,rural ground heat pump,True,,,
AL rural ground heat pump electricity-only,AL electricity rural heat,AL low voltage,rural ground heat pump,True,,,
AL rural resistive heater,AL low voltage,AL rural heat,rural resistive heater,True,,,
AL rural resistive heater electricity-only,AL low voltage,AL electricity rural heat,rural resistive heater,True,,,
AL rural water tanks charger,AL rural heat,AL rural water tanks,rural water tanks charger,True,,,
AL rural water tanks discharger,AL rural water tanks,AL rural heat,rural water tanks discharger,True,,,
AL urban decentral DAC,AL,AL urban decentral heat,DAC,True,,AL co2 stored,co2 atmosphere
AL urban decentral air heat pump,AL urban decentral heat,AL low voltage,urban decentral air heat pump,True,,,
AL urban decentral air heat pump electricity-only,AL electricity urban decentral heat,AL low voltage,urban decentral air heat pump,True,,,
AL urban decentral biomass boiler,AL solid biomass,AL urban decentral heat,urban decentral biomass boiler,True,,,
AL urban decentral gas boiler,AL gas,AL urban decentral heat,urban decentral gas boiler,True,,,co2 atmosphere
AL urban decentral gas boiler gas-only,AL gas,AL gas urban decentral heat,urban decentral gas boiler,True,,,co2 atmosphere
AL urban decentral resistive heater,AL low voltage,AL urban decentral heat,urban decentral resistive heater,True,,,
AL urban decentral resistive heater electricity-only,AL low voltage,AL electricity urban decentral heat,urban decentral resistive heater,True,,,
AL urban decentral water tanks charger,AL urban decentral heat,AL urban decentral water tanks,urban decentral water tanks charger,True,,,
AL urban decentral water tanks discharger,AL urban decentral water tanks,AL urban decentral heat,urban decentral water tanks discharger,True,,,
AT rural air heat pump,AT rural heat,AT low voltage,rural air heat pump,True,,,
AT rural air heat pump electricity-only,AT electricity rural heat,AT low voltage,rural air heat pump,True,,,
AT rural biomass boiler,AT solid biomass,AT rural heat,rural biomass boiler,True,,,
AT rural gas boiler,AT gas,AT rural heat,rural gas boiler,True,,,co2 atmosphere
AT rural gas boiler gas-only,AT gas,AT gas rural heat,rural gas boiler,True,,,co2 atmosphere
AT rural ground heat pump,AT rural heat,AT low voltage,rural ground heat pump,True,,,
AT rural ground heat pump electricity-only,AT electricity rural heat,AT low voltage,rural ground heat pump,True,,,
AT rural resistive heater,AT low voltage,AT rural heat,rural resistive heater,True,,,
AT rural resistive heater electricity-only,AT low voltage,AT electricity rural heat,rural resistive heater,True,,,
AT rural water tanks charger,AT rural heat,AT rural water tanks,rural water tanks charger,True,,,
AT rural water tanks discharger,AT rural water tanks,AT rural heat,rural water tanks discharger,True,,,
AT urban decentral DAC,AT,AT urban decentral heat,DAC,True,,AT co2 stored,co2 atmosphere
AT urban decentral air heat pump,AT urban decentral heat,AT low voltage,urban decentral air heat pump,True,,,
AT urban decentral air heat pump electricity-only,AT electricity urban decentral heat,AT low voltage,urban decentral air heat pump,True,,,
AT urban decentral biomass boiler,AT solid biomass,AT urban decentral heat,urban decentral biomass boiler,True,,,
AT urban decentral gas boiler,AT gas,AT urban decentral heat,urban decentral gas boiler,True,,,co2 atmosphere
AT urban decentral gas boiler gas-only,AT gas,AT gas urban decentral heat,urban decentral gas boiler,True,,,co2 atmosphere
AT urban decentral resistive heater,AT low voltage,AT urban decentral heat,urban decentral resistive heater,True,,,
AT urban decentral resistive heater electricity-only,AT low voltage,AT electricity urban decentral heat,urban decentral resistive heater,True,,,
AT urban decentral water tanks charger,AT urban decentral heat,AT urban decentral water tanks,urban decentral water tanks charger,True,,,
AT urban decentral water tanks discharger,AT urban decentral water tanks,AT urban decentral heat,urban decentral water tanks discharger,True,,,
BA rural air heat pump,BA rural heat,BA low voltage,rural air heat pump,True,,,
BA rural air heat pump electricity-only,BA electricity rural heat,BA low voltage,rural air heat pump,True,,,
BA rural biomass boiler,BA solid biomass,BA rural heat,rural biomass boiler,True,,,
BA rural gas boiler,BA gas,BA rural heat,rural gas boiler,True,,,co2 atmosphere
BA rural gas boiler gas-only,BA gas,BA gas rural heat,rural gas boiler,True,,,co2 atmosphere
BA rural ground heat pump,BA rural heat,BA low voltage,rural ground heat pump,True,,,
BA rural ground heat pump electricity-only,BA electricity rural heat,BA low voltage,rural ground heat pump,True,,,
BA rural resistive heater,BA low voltage,BA rural heat,rural resistive heater,True,,,
BA rural resistive heater electricity-only,BA low voltage,BA electricity rural heat,rural resistive heater,True,,,
BA rural water tanks charger,BA rural heat,BA rural water tanks,rural water tanks charger,True,,,
BA rural water tanks discharger,BA rural water tanks,BA rural heat,rural water tanks discharger,True,,,
BA urban decentral DAC,BA,BA urban decentral heat,DAC,True,,BA co2 stored,co2 atmosphere
BA urban decentral air heat pump,BA urban decentral heat,BA low voltage,urban decentral air heat pump,True,,,
BA urban decentral air heat pump electricity-only,BA electricity urban decentral heat,BA low voltage,urban decentral air heat pump,True,,,
BA urban decentral biomass boiler,BA solid biomass,BA urban decentral heat,urban decentral biomass boiler,True,,,
BA urban decentral gas boiler,BA gas,BA urban decentral heat,urban decentral gas boiler,True,,,co2 atmosphere
BA urban decentral gas boiler gas-only,BA gas,BA gas urban decentral heat,urban decentral gas boiler,True,,,co2 atmosphere
BA urban decentral resistive heater,BA low voltage,BA urban decentral heat,urban decentral resistive heater,True,,,
BA urban decentral resistive heater electricity-only,BA low voltage,BA electricity urban decentral heat,urban decentral resistive heater,True,,,
BA urban decentral water tanks charger,BA urban decentral heat,BA urban decentral water tanks,urban decentral water tanks charger,True,,,
BA urban decentral water tanks discharger,BA urban decentral water tanks,BA urban decentral heat,urban decentral water tanks discharger,True,,,
BE rural air heat pump,BE rural heat,BE low voltage,rural air heat pump,True,,,
BE rural air heat pump electricity-only,BE electricity rural heat,BE low voltage,rural air heat pump,True,,,
BE rural biomass boiler,BE solid biomass,BE rural heat,rural biomass boiler,True,,,
BE rural gas boiler,BE gas,BE rural heat,rural gas boiler,True,,,co2 atmosphere
BE rural gas boiler gas-only,BE gas,BE gas rural heat,rural gas boiler,True,,,co2 atmosphere
BE rural ground heat pump,BE rural heat,BE low voltage,rural ground heat pump,True,,,
BE rural ground heat pump electricity-only,BE electricity rural heat,BE low voltage,rural ground heat pump,True,,,
BE rural resistive heater,BE low voltage,BE rural heat,rural resistive heater,True,,,
BE rural resistive heater electricity-only,BE low voltage,BE electricity rural heat,rural resistive heater,True,,,
BE rural water tanks charger,BE rural heat,BE rural water tanks,rural water tanks charger,True,,,
BE rural water tanks discharger,BE rural water tanks,BE rural heat,rural water tanks discharger,True,,,
BE urban decentral DAC,BE,BE urban decentral heat,DAC,True,,BE co2 stored,co2 atmosphere
BE urban decentral air heat pump,BE urban decentral heat,BE low voltage,urban decentral air heat pump,True,,,
BE urban decentral air heat pump electricity-only,BE electricity urban decentral heat,BE low voltage,urban decentral air heat pump,True,,,
BE urban decentral biomass boiler,BE solid biomass,BE urban decentral heat,urban decentral biomass boiler,True,,,
BE urban decentral gas boiler,BE gas,BE urban decentral heat,urban decentral gas boiler,True,,,co2 atmosphere
BE urban decentral gas boiler gas-only,BE gas,BE gas urban decentral heat,urban decentral gas boiler,True,,,co2 atmosphere
BE urban decentral resistive heater,BE low voltage,BE urban decentral heat,urban decentral resistive heater,True,,,
BE urban decentral resistive heater electricity-only,BE low voltage,BE electricity urban decentral heat,urban decentral resistive heater,True,,,
BE urban decentral water tanks charger,BE urban decentral heat,BE urban decentral water tanks,urban decentral water tanks charger,True,,,
BE urban decentral water tanks discharger,BE urban decentral water tanks,BE urban decentral heat,urban decentral water tanks discharger,True,,,
BG rural air heat pump,BG rural heat,BG low voltage,rural air heat pump,True,,,
BG rural air heat pump electricity-only,BG electricity rural heat,BG low voltage,rural air heat pump,True,,,
BG rural biomass boiler,BG solid biomass,BG rural heat,rural biomass boiler,True,,,
BG rural gas boiler,BG gas,BG rural heat,rural gas boiler,True,,,co2 atmosphere
BG rural gas boiler gas-only,BG gas,BG gas rural heat,rural gas boiler,True,,,co2 atmosphere
BG rural ground heat pump,BG rural heat,BG low voltage,rural ground heat pump,True,,,
BG rural ground heat pump electricity-only,BG electricity rural heat,BG low voltage,rural ground heat pump,True,,,
BG rural resistive heater,BG low voltage,BG rural heat,rural resistive heater,True,,,
BG rural resistive heater electricity-only,BG low voltage,BG electricity rural heat,rural resistive heater,True,,,
BG rural water tanks charger,BG rural heat,BG rural water tanks,rural water tanks charger,True,,,
BG rural water tanks discharger,BG rural water tanks,BG rural heat,rural water tanks discharger,True,,,
BG urban decentral DAC,BG,BG urban decentral heat,DAC,True,,BG co2 stored,co2 atmosphere
BG urban decentral air heat pump,BG urban decentral heat,BG low voltage,urban decentral air heat pump,True,,,
BG urban decentral air heat pump electricity-only,BG electricity urban decentral heat,BG low voltage,urban decentral air heat pump,True,,,
BG urban decentral biomass boiler,BG solid biomass,BG urban decentral heat,urban decentral biomass boiler,True,,,
BG urban decentral gas boiler,BG gas,BG urban decentral heat,urban decentral gas boiler,True,,,co2 atmosphere
BG urban decentral gas boiler gas-only,BG gas,BG gas urban decentral heat,urban decentral gas boiler,True,,,co2 atmosphere
BG urban decentral resistive heater,BG low voltage,BG urban decentral heat,urban decentral resistive heater,True,,,
BG urban decentral resistive heater electricity-only,BG low voltage,BG electricity urban decentral heat,urban decentral resistive heater,True,,,
BG urban decentral water tanks charger,BG urban decentral heat,BG urban decentral water tanks,urban decentral water tanks charger,True,,,
BG urban decentral water tanks discharger,BG urban decentral water tanks,BG urban decentral heat,urban decentral water tanks discharger,True,,,
CH rural air heat pump,CH rural heat,CH low voltage,rural air heat pump,True,,,
CH rural air heat pump electricity-only,CH electricity rural heat,CH low voltage,rural air heat pump,True,,,
CH rural biomass boiler,CH solid biomass,CH rural heat,rural biomass boiler,True,,,
CH rural gas boiler,CH gas,CH rural heat,rural gas boiler,True,,,co2 atmosphere
CH rural gas boiler gas-only,CH gas,CH gas rural heat,rural gas boiler,True,,,co2 atmosphere
CH rural ground heat pump,CH rural heat,CH low voltage,rural ground heat pump,True,,,
CH rural ground heat pump electricity-only,CH electricity rural heat,CH low voltage,rural ground heat pump,True,,,
CH rural resistive heater,CH low voltage,CH rural heat,rural resistive heater,True,,,
CH rural resistive heater electricity-only,CH low voltage,CH electricity rural heat,rural resistive heater,True,,,
CH rural water tanks charger,CH rural heat,CH rural water tanks,rural water tanks charger,True,,,
CH rural water tanks discharger,CH rural water tanks,CH rural heat,rural water tanks discharger,True,,,
CH urban decentral DAC,CH,CH urban decentral heat,DAC,True,,CH co2 stored,co2 atmosphere
CH urban decentral air heat pump,CH urban decentral heat,CH low voltage,urban decentral air heat pump,True,,,
CH urban decentral air heat pump electricity-only,CH electricity urban decentral heat,CH low voltage,urban decentral air heat pump,True,,,
CH urban decentral biomass boiler,CH solid biomass,CH urban decentral heat,urban decentral biomass boiler,True,,,
CH urban decentral gas boiler,CH gas,CH urban decentral heat,urban decentral gas boiler,True,,,co2 atmosphere
CH urban decentral gas boiler gas-only,CH gas,CH gas urban decentral heat,urban decentral gas boiler,True,,,co2 atmosphere
CH urban decentral resistive heater,CH low voltage,CH urban decentral heat,urban decentral resistive heater,True,,,
CH urban decentral resistive heater electricity-only,CH low voltage,CH electricity urban decentral heat,urban decentral resistive heater,True,,,
CH urban decentral water tanks charger,CH urban decentral heat,CH urban decentral water tanks,urban decentral water tanks charger,True,,,
CH urban decentral water tanks discharger,CH urban decentral water tanks,CH urban decentral heat,urban decentral water tanks discharger,True,,,
CZ rural air heat pump,CZ rural heat,CZ low voltage,rural air heat pump,True,,,
CZ rural air heat pump electricity-only,CZ electricity rural heat,CZ low voltage,rural air heat pump,True,,,
CZ rural biomass boiler,CZ solid biomass,CZ rural heat,rural biomass boiler,True,,,
CZ rural gas boiler,CZ gas,CZ rural heat,rural gas boiler,True,,,co2 atmosphere
CZ rural gas boiler gas-only,CZ gas,CZ gas rural heat,rural gas boiler,True,,,co2 atmosphere
CZ rural ground heat pump,CZ rural heat,CZ low voltage,rural ground heat pump,True,,,
CZ rural ground heat pump electricity-only,CZ electricity rural heat,CZ low voltage,rural ground heat pump,True,,,
CZ rural resistive heater,CZ low voltage,CZ rural heat,rural resistive heater,True,,,
CZ rural resistive heater electricity-only,CZ low voltage,CZ electricity rural heat,rural resistive heater,True,,,
CZ rural water tanks charger,CZ rural heat,CZ rural water tanks,rural water tanks charger,True,,,
CZ rural water tanks discharger,CZ rural water tanks,CZ rural heat,rural water tanks discharger,True,,,
CZ urban decentral DAC,CZ,CZ urban decentral heat,DAC,True,,CZ co2 stored,co2 atmosphere
CZ urban decentral air heat pump,CZ urban decentral heat,CZ low voltage,urban decentral air heat pump,True,,,
CZ urban decentral air heat pump electricity-only,CZ electricity urban decentral heat,CZ low voltage,urban decentral air heat pump,True,,,
CZ urban decentral biomass boiler,CZ solid biomass,CZ urban decentral heat,urban decentral biomass boiler,True,,,
CZ urban decentral gas boiler,CZ gas,CZ urban decentral heat,urban decentral gas boiler,True,,,co2 atmosphere
CZ urban decentral gas boiler gas-only,CZ gas,CZ gas urban decentral heat,urban decentral gas boiler,True,,,co2 atmosphere
CZ urban decentral resistive heater,CZ low voltage,CZ urban decentral heat,urban decentral resistive heater,True,,,
CZ urban decentral resistive heater electricity-only,CZ low voltage,CZ electricity urban decentral heat,urban decentral resistive heater,True,,,
CZ urban decentral water tanks charger,CZ urban decentral heat,CZ urban decentral water tanks,urban decentral water tanks charger,True,,,
CZ urban decentral water tanks discharger,CZ urban decentral water tanks,CZ urban decentral heat,urban decentral water tanks discharger,True,,,
DE rural air heat pump,DE rural heat,DE low voltage,rural air heat pump,True,,,
DE rural air heat pump electricity-only,DE electricity rural heat,DE low voltage,rural air heat pump,True,,,
DE rural biomass boiler,DE solid biomass,DE rural heat,rural biomass boiler,True,,,
DE rural gas boiler,DE gas,DE rural heat,rural gas boiler,True,,,co2 atmosphere
DE rural gas boiler gas-only,DE gas,DE gas rural heat,rural gas boiler,True,,,co2 atmosphere
DE rural ground heat pump,DE rural heat,DE low voltage,rural ground heat pump,True,,,
DE rural ground heat pump electricity-only,DE electricity rural heat,DE low voltage,rural ground heat pump,True,,,
DE rural resistive heater,DE low voltage,DE rural heat,rural resistive heater,True,,,
DE rural resistive heater electricity-only,DE low voltage,DE electricity rural heat,rural resistive heater,True,,,
DE rural water tanks charger,DE rural heat,DE rural water tanks,rural water tanks charger,True,,,
DE rural water tanks discharger,DE rural water tanks,DE rural heat,rural water tanks discharger,True,,,
DE urban decentral DAC,DE,DE urban decentral heat,DAC,True,,DE co2 stored,co2 atmosphere
DE urban decentral air heat pump,DE urban decentral heat,DE low voltage,urban decentral air heat pump,True,,,
DE urban decentral air heat pump electricity-only,DE electricity urban decentral heat,DE low voltage,urban decentral air heat pump,True,,,
DE urban decentral biomass boiler,DE solid biomass,DE urban decentral heat,urban decentral biomass boiler,True,,,
DE urban decentral gas boiler,DE gas,DE urban decentral heat,urban decentral gas boiler,True,,,co2 atmosphere
DE urban decentral gas boiler gas-only,DE gas,DE gas urban decentral heat,urban decentral gas boiler,True,,,co2 atmosphere
DE urban decentral resistive heater,DE low voltage,DE urban decentral heat,urban decentral resistive heater,True,,,
DE urban decentral resistive heater electricity-only,DE low voltage,DE electricity urban decentral heat,urban decentral resistive heater,True,,,
DE urban decentral water tanks charger,DE urban decentral heat,DE urban decentral water tanks,urban decentral water tanks charger,True,,,
DE urban decentral water tanks discharger,DE urban decentral water tanks,DE urban decentral heat,urban decentral water tanks discharger,True,,,
DK rural air heat pump,DK rural heat,DK low voltage,rural air heat pump,True,,,
DK rural air heat pump electricity-only,DK electricity rural heat,DK low voltage,rural air heat pump,True,,,
DK rural biomass boiler,DK solid biomass,DK rural heat,rural biomass boiler,True,,,
DK rural gas boiler,DK gas,DK rural heat,rural gas boiler,True,,,co2 atmosphere
DK rural gas boiler gas-only,DK gas,DK gas rural heat,rural gas boiler,True,,,co2 atmosphere
DK rural ground heat pump,DK rural heat,DK low voltage,rural ground heat pump,True,,,
DK rural ground heat pump electricity-only,DK electricity rural heat,DK low voltage,rural ground heat pump,True,,,
DK rural resistive heater,DK low voltage,DK rural heat,rural resistive heater,True,,,
DK rural resistive heater electricity-only,DK low voltage,DK electricity rural heat,rural resistive heater,True,,,
DK rural water tanks charger,DK rural heat,DK rural water tanks,rural water tanks charger,True,,,
DK rural water tanks discharger,DK rural water tanks,DK rural heat,rural water tanks discharger,True,,,
DK urban decentral DAC,DK,DK urban decentral heat,DAC,True,,DK co2 stored,co2 atmosphere
DK urban decentral air heat pump,DK urban decentral heat,DK low voltage,urban decentral air heat pump,True,,,
DK urban decentral air heat pump electricity-only,DK electricity urban decentral heat,DK low voltage,urban decentral air heat pump,True,,,
DK urban decentral biomass boiler,DK solid biomass,DK urban decentral heat,urban decentral biomass boiler,True,,,
DK urban decentral gas boiler,DK gas,DK urban decentral heat,urban decentral gas boiler,True,,,co2 atmosphere
DK urban decentral gas boiler gas-only,DK gas,DK gas urban decentral heat,urban decentral gas boiler,True,,,co2 atmosphere
DK urban decentral resistive heater,DK low voltage,DK urban decentral heat,urban decentral resistive heater,True,,,
DK urban decentral resistive heater electricity-only,DK low voltage,DK electricity urban decentral heat,urban decentral resistive heater,True,,,
DK urban decentral water tanks charger,DK urban decentral heat,DK urban decentral water tanks,urban decentral water tanks charger,True,,,
DK urban decentral water tanks discharger,DK urban decentral water tanks,DK urban decentral heat,urban decentral water tanks discharger,True,,,
EE rural air heat pump,EE rural heat,EE low voltage,rural air heat pump,True,,,
EE rural air heat pump electricity-only,EE electricity rural heat,EE low voltage,rural air heat pump,True,,,
EE rural biomass boiler,EE solid biomass,EE rural heat,rural biomass boiler,True,,,
EE rural gas boiler,EE gas,EE rural heat,rural gas boiler,True,,,co2 atmosphere
EE rural gas boiler gas-only,EE gas,EE gas rural heat,rural gas boiler,True,,,co2 atmosphere
EE rural ground heat pump,EE rural heat,EE low voltage,rural ground heat pump,True,,,
EE rural ground heat pump electricity-only,EE electricity rural heat,EE low voltage,rural ground heat pump,True,,,
EE rural resistive heater,EE low voltage,EE rural heat,rural resistive heater,True,,,
EE rural resistive heater electricity-only,EE low voltage,EE electricity rural heat,rural resistive heater,True,,,
EE rural water tanks charger,EE rural heat,EE rural water tanks,rural water tanks charger,True,,,
EE rural water tanks discharger,EE rural water tanks,EE rural heat,rural water tanks discharger,True,,,
EE urban decentral DAC,EE,EE urban decentral heat,DAC,True,,EE co2 stored,co2 atmosphere
EE urban decentral air heat pump,EE urban decentral heat,EE low voltage,urban decentral air heat pump,True,,,
EE urban decentral air heat pump electricity-only,EE electricity urban decentral heat,EE low voltage,urban decentral air heat pump,True,,,
EE urban decentral biomass boiler,EE solid biomass,EE urban decentral heat,urban decentral biomass boiler,True,,,
EE urban decentral gas boiler,EE gas,EE urban decentral heat,urban decentral gas boiler,True,,,co2 atmosphere
EE urban decentral gas boiler gas-only,EE gas,EE gas urban decentral heat,urban decentral gas boiler,True,,,co2 atmosphere
EE urban decentral resistive heater,EE low voltage,EE urban decentral heat,urban decentral resistive heater,True,,,
EE urban decentral resistive heater electricity-only,EE low voltage,EE electricity urban decentral heat,urban decentral resistive heater,True,,,
EE urban decentral water tanks charger,EE urban decentral heat,EE urban decentral water tanks,urban decentral water tanks charger,True,,,
EE urban decentral water tanks discharger,EE urban decentral water tanks,EE urban decentral heat,urban decentral water tanks discharger,True,,,
ES rural air heat pump,ES rural heat,ES low voltage,rural air heat pump,True,,,
ES rural air heat pump electricity-only,ES electricity rural heat,ES low voltage,rural air heat pump,True,,,
ES rural biomass boiler,ES solid biomass,ES rural heat,rural biomass boiler,True,,,
ES rural gas boiler,ES gas,ES rural heat,rural gas boiler,True,,,co2 atmosphere
ES rural gas boiler gas-only,ES gas,ES gas rural heat,rural gas boiler,True,,,co2 atmosphere
ES rural ground heat pump,ES rural heat,ES low voltage,rural ground heat pump,True,,,
ES rural ground heat pump electricity-only,ES electricity rural heat,ES low voltage,rural ground heat pump,True,,,
ES rural resistive heater,ES low voltage,ES rural heat,rural resistive heater,True,,,
ES rural resistive heater electricity-only,ES low voltage,ES electricity rural heat,rural resistive heater,True,,,
ES rural water tanks charger,ES rural heat,ES rural water tanks,rural water tanks charger,True,,,
ES rural water tanks discharger,ES rural water tanks,ES rural heat,rural water tanks discharger,True,,,
ES urban decentral DAC,ES,ES urban decentral heat,DAC,True,,ES co2 stored,co2 atmosphere
ES urban decentral air heat pump,ES urban decentral heat,ES low voltage,urban decentral air heat pump,True,,,
ES urban decentral air heat pump electricity-only,ES electricity urban decentral heat,ES low voltage,urban decentral air heat pump,True,,,
ES urban decentral biomass boiler,ES solid biomass,ES urban decentral heat,urban decentral biomass boiler,True,,,
ES urban decentral gas boiler,ES gas,ES urban decentral heat,urban decentral gas boiler,True,,,co2 atmosphere
ES urban decentral gas boiler gas-only,ES gas,ES gas urban decentral heat,urban decentral gas boiler,True,,,co2 atmosphere
ES urban decentral resistive heater,ES low voltage,ES urban decentral heat,urban decentral resistive heater,True,,,
ES urban decentral resistive heater electricity-only,ES low voltage,ES electricity urban decentral heat,urban decentral resistive heater,True,,,
ES urban decentral water tanks charger,ES urban decentral heat,ES urban decentral water tanks,urban decentral water tanks charger,True,,,
ES urban decentral water tanks discharger,ES urban decentral water tanks,ES urban decentral heat,urban decentral water tanks discharger,True,,,
FI rural air heat pump,FI rural heat,FI low voltage,rural air heat pump,True,,,
FI rural air heat pump electricity-only,FI electricity rural heat,FI low voltage,rural air heat pump,True,,,
FI rural biomass boiler,FI solid biomass,FI rural heat,rural biomass boiler,True,,,
FI rural gas boiler,FI gas,FI rural heat,rural gas boiler,True,,,co2 atmosphere
FI rural gas boiler gas-only,FI gas,FI gas rural heat,rural gas boiler,True,,,co2 atmosphere
FI rural ground heat pump,FI rural heat,FI low voltage,rural ground heat pump,True,,,
FI rural ground heat pump electricity-only,FI electricity rural heat,FI low voltage,rural ground heat pump,True,,,
FI rural resistive heater,FI low voltage,FI rural heat,rural resistive heater,True,,,
FI rural resistive heater electricity-only,FI low voltage,FI electricity rural heat,rural resistive heater,True,,,
FI rural water tanks charger,FI rural heat,FI rural water tanks,rural water tanks charger,True,,,
FI rural water tanks discharger,FI rural water tanks,FI rural heat,rural water tanks discharger,True,,,
FI urban decentral DAC,FI,FI urban decentral heat,DAC,True,,FI co2 stored,co2 atmosphere
FI urban decentral air heat pump,FI urban decentral heat,FI low voltage,urban decentral air heat pump,True,,,
FI urban decentral air heat pump electricity-only,FI electricity urban decentral heat,FI low voltage,urban decentral air heat pump,True,,,
FI urban decentral biomass boiler,FI solid biomass,FI urban decentral heat,urban decentral biomass boiler,True,,,
FI urban decentral gas boiler,FI gas,FI urban decentral heat,urban decentral gas boiler,True,,,co2 atmosphere
FI urban decentral gas boiler gas-only,FI gas,FI gas urban decentral heat,urban decentral gas boiler,True,,,co2 atmosphere
FI urban decentral resistive heater,FI low voltage,FI urban decentral heat,urban decentral resistive heater,True,,,
FI urban decentral resistive heater electricity-only,FI low voltage,FI electricity urban decentral heat,urban decentral resistive heater,True,,,
FI urban decentral water tanks charger,FI urban decentral heat,FI urban decentral water tanks,urban decentral water tanks charger,True,,,
FI urban decentral water tanks discharger,FI urban decentral water tanks,FI urban decentral heat,urban decentral water tanks discharger,True,,,
FR rural air heat pump,FR rural heat,FR low voltage,rural air heat pump,True,,,
FR rural air heat pump electricity-only,FR electricity rural heat,FR low voltage,rural air heat pump,True,,,
FR rural biomass boiler,FR solid biomass,FR rural heat,rural biomass boiler,True,,,
FR rural gas boiler,FR gas,FR rural heat,rural gas boiler,True,,,co2 atmosphere
FR rural gas boiler gas-only,FR gas,FR gas rural heat,rural gas boiler,True,,,co2 atmosphere
FR rural ground heat pump,FR rural heat,FR low voltage,rural ground heat pump,True,,,
FR rural ground heat pump electricity-only,FR electricity rural heat,FR low voltage,rural ground heat pump,True,,,
FR rural resistive heater,FR low voltage,FR rural heat,rural resistive heater,True,,,
FR rural resistive heater electricity-only,FR low voltage,FR electricity rural heat,rural resistive heater,True,,,
FR rural water tanks charger,FR rural heat,FR rural water tanks,rural water tanks charger,True,,,
FR rural water tanks discharger,FR rural water tanks,FR rural heat,rural water tanks discharger,True,,,
FR urban decentral DAC,FR,FR urban decentral heat,DAC,True,,FR co2 stored,co2 atmosphere
FR urban decentral air heat pump,FR urban decentral heat,FR low voltage,urban decentral air heat pump,True,,,
FR urban decentral air heat pump electricity-only,FR electricity urban decentral heat,FR low voltage,urban decentral air heat pump,True,,,
FR urban decentral biomass boiler,FR solid biomass,FR urban decentral heat,urban decentral biomass boiler,True,,,
FR urban decentral gas boiler,FR gas,FR urban decentral heat,urban decentral gas boiler,True,,,co2 atmosphere
FR urban decentral gas boiler gas-only,FR gas,FR gas urban decentral heat,urban decentral gas boiler,True,,,co2 atmosphere
FR urban decentral resistive heater,FR low voltage,FR urban decentral heat,urban decentral resistive heater,True,,,
FR urban decentral resistive heater electricity-only,FR low voltage,FR electricity urban decentral heat,urban decentral resistive heater,True,,,
FR urban decentral water tanks charger,FR urban decentral heat,FR urban decentral water tanks,urban decentral water tanks charger,True,,,
FR urban decentral water tanks discharger,FR urban decentral water tanks,FR urban decentral heat,urban decentral water tanks discharger,True,,,
GB rural air heat pump,GB rural heat,GB low voltage,rural air heat pump,True,,,
GB rural air heat pump electricity-only,GB electricity rural heat,GB low voltage,rural air heat pump,True,,,
GB rural biomass boiler,GB solid biomass,GB rural heat,rural biomass boiler,True,,,
GB rural gas boiler,GB gas,GB rural heat,rural gas boiler,True,,,co2 atmosphere
GB rural gas boiler gas-only,GB gas,GB gas rural heat,rural gas boiler,True,,,co2 atmosphere
GB rural ground heat pump,GB rural heat,GB low voltage,rural ground heat pump,True,,,
GB rural ground heat pump electricity-only,GB electricity rural heat,GB low voltage,rural ground heat pump,True,,,
GB rural resistive heater,GB low voltage,GB rural heat,rural resistive heater,True,,,
GB rural resistive heater electricity-only,GB low voltage,GB electricity rural heat,rural resistive heater,True,,,
GB rural water tanks charger,GB rural heat,GB rural water tanks,rural water tanks charger,True,,,
GB rural water tanks discharger,GB rural water tanks,GB rural heat,rural water tanks discharger,True,,,
GB urban decentral DAC,GB,GB urban decentral heat,DAC,True,,GB co2 stored,co2 atmosphere
GB urban decentral air heat pump,GB urban decentral heat,GB low voltage,urban decentral air heat pump,True,,,
GB urban decentral air heat pump electricity-only,GB electricity urban decentral heat,GB low voltage,urban decentral air heat pump,True,,,
GB urban decentral biomass boiler,GB solid biomass,GB urban decentral heat,urban decentral biomass boiler,True,,,
GB urban decentral gas boiler,GB gas,GB urban decentral heat,urban decentral gas boiler,True,,,co2 atmosphere
GB urban decentral gas boiler gas-only,GB gas,GB gas urban decentral heat,urban decentral gas boiler,True,,,co2 atmosphere
GB urban decentral resistive heater,GB low voltage,GB urban decentral heat,urban decentral resistive heater,True,,,
GB urban decentral resistive heater electricity-only,GB low voltage,GB electricity urban decentral heat,urban decentral resistive heater,True,,,
GB urban decentral water tanks charger,GB urban decentral heat,GB urban decentral water tanks,urban decentral water tanks charger,True,,,
GB urban decentral water tanks discharger,GB urban decentral water tanks,GB urban decentral heat,urban decentral water tanks discharger,True,,,
GBI rural air heat pump,GBI rural heat,GBI low voltage,rural air heat pump,True,,,
GBI rural air heat pump electricity-only,GBI electricity rural heat,GBI low voltage,rural air heat pump,True,,,
GBI rural biomass boiler,GBI solid biomass,GBI rural heat,rural biomass boiler,True,,,
GBI rural gas boiler,GBI gas,GBI rural heat,rural gas boiler,True,,,co2 atmosphere
GBI rural gas boiler gas-only,GBI gas,GBI gas rural heat,rural gas boiler,True,,,co2 atmosphere
GBI rural ground heat pump,GBI rural heat,GBI low voltage,rural ground heat pump,True,,,
GBI rural ground heat pump electricity-only,GBI electricity rural heat,GBI low voltage,rural ground heat pump,True,,,
GBI rural resistive heater,GBI low voltage,GBI rural heat,rural resistive heater,True,,,
GBI rural resistive heater electricity-only,GBI low voltage,GBI electricity rural heat,rural resistive heater,True,,,
GBI rural water tanks charger,GBI rural heat,GBI rural water tanks,rural water tanks charger,True,,,
GBI rural water tanks discharger,GBI rural water tanks,GBI rural heat,rural water tanks discharger,True,,,
GBI urban decentral DAC,GBI,GBI urban decentral heat,DAC,True,,GBI co2 stored,co2 atmosphere
GBI urban decentral air heat pump,GBI urban decentral heat,GBI low voltage,urban decentral air heat pump,True,,,
GBI urban decentral air heat pump electricity-only,GBI electricity urban decentral heat,GBI low voltage,urban decentral air heat pump,True,,,
GBI urban decentral biomass boiler,GBI solid biomass,GBI urban decentral heat,urban decentral biomass boiler,True,,,
GBI urban decentral gas boiler,GBI gas,GBI urban decentral heat,urban decentral gas boiler,True,,,co2 atmosphere
GBI urban decentral gas boiler gas-only,GBI gas,GBI gas urban decentral heat,urban decentral gas boiler,True,,,co2 atmosphere
GBI urban decentral resistive heater,GBI low voltage,GBI urban decentral heat,urban decentral resistive heater,True,,,
GBI urban decentral resistive heater electricity-only,GBI low voltage,GBI electricity urban decentral heat,urban decentral resistive heater,True,,,
GBI urban decentral water tanks charger,GBI urban decentral heat,GBI urban decentral water tanks,urban decentral water tanks charger,True,,,
GBI urban decentral water tanks discharger,GBI urban decentral water tanks,GBI urban decentral heat,urban decentral water tanks discharger,True,,,
GR rural air heat pump,GR rural heat,GR low voltage,rural air heat pump,True,,,
GR rural air heat pump electricity-only,GR electricity rural heat,GR low voltage,rural air heat pump,True,,,
GR rural biomass boiler,GR solid biomass,GR rural heat,rural biomass boiler,True,,,
GR rural gas boiler,GR gas,GR rural heat,rural gas boiler,True,,,co2 atmosphere
GR rural gas boiler gas-only,GR gas,GR gas rural heat,rural gas boiler,True,,,co2 atmosphere
GR rural ground heat pump,GR rural heat,GR low voltage,rural ground heat pump,True,,,
GR rural ground heat pump electricity-only,GR electricity rural heat,GR low voltage,rural ground heat pump,True,,,
GR rural resistive heater,GR low voltage,GR rural heat,rural resistive heater,True,,,
GR rural resistive heater electricity-only,GR low voltage,GR electricity rural heat,rural resistive heater,True,,,
GR rural water tanks charger,GR rural heat,GR rural water tanks,rural water tanks charger,True,,,
GR rural water tanks discharger,GR rural water tanks,GR rural heat,rural water tanks discharger,True,,,
GR urban decentral DAC,GR,GR urban decentral heat,DAC,True,,GR co2 stored,co2 atmosphere
GR urban decentral air heat pump,GR urban decentral heat,GR low voltage,urban decentral air heat pump,True,,,
GR urban decentral air heat pump electricity-only,GR electricity urban decentral heat,GR low voltage,urban decentral air heat pump,True,,,
GR urban decentral biomass boiler,GR solid biomass,GR urban decentral heat,urban decentral biomass boiler,True,,,
GR urban decentral gas boiler,GR gas,GR urban decentral heat,urban decentral gas boiler,True,,,co2 atmosphere
GR urban decentral gas boiler gas-only,GR gas,GR gas urban decentral heat,urban decentral gas boiler,True,,,co2 atmosphere
GR urban decentral resistive heater,GR low voltage,GR urban decentral heat,urban decentral resistive heater,True,,,
GR urban decentral resistive heater electricity-only,GR low voltage,GR electricity urban decentral heat,urban decentral resistive heater,True,,,
GR urban decentral water tanks charger,GR urban decentral heat,GR urban decentral water tanks,urban decentral water tanks charger,True,,,
GR urban decentral water tanks discharger,GR urban decentral water tanks,GR urban decentral heat,urban decentral water tanks discharger,True,,,
HR rural air heat pump,HR rural heat,HR low voltage,rural air heat pump,True,,,
HR rural air heat pump electricity-only,HR electricity rural heat,HR low voltage,rural air heat pump,True,,,
HR rural biomass boiler,HR solid biomass,HR rural heat,rural biomass boiler,True,,,
HR rural gas boiler,HR gas,HR rural heat,rural gas boiler,True,,,co2 atmosphere
HR rural gas boiler gas-only,HR gas,HR gas rural heat,rural gas boiler,True,,,co2 atmosphere
HR rural ground heat pump,HR rural heat,HR low voltage,rural ground heat pump,True,,,
HR rural ground heat pump electricity-only,HR electricity rural heat,HR low voltage,rural ground heat pump,True,,,
HR rural resistive heater,HR low voltage,HR rural heat,rural resistive heater,True,,,
HR rural resistive heater electricity-only,HR low voltage,HR electricity rural heat,rural resistive heater,True,,,
HR rural water tanks charger,HR rural heat,HR rural water tanks,rural water tanks charger,True,,,
HR rural water tanks discharger,HR rural water tanks,HR rural heat,rural water tanks discharger,True,,,
HR urban decentral DAC,HR,HR urban decentral heat,DAC,True,,HR co2 stored,co2 atmosphere
HR urban decentral air heat pump,HR urban decentral heat,HR low voltage,urban decentral air heat pump,True,,,
HR urban decentral air heat pump electricity-only,HR electricity urban decentral heat,HR low voltage,urban decentral air heat pump,True,,,
HR urban decentral biomass boiler,HR solid biomass,HR urban decentral heat,urban decentral biomass boiler,True,,,
HR urban decentral gas boiler,HR gas,HR urban decentral heat,urban decentral gas boiler,True,,,co2 atmosphere
HR urban decentral gas boiler gas-only,HR gas,HR gas urban decentral heat,urban decentral gas boiler,True,,,co2 atmosphere
HR urban decentral resistive heater,HR low voltage,HR urban decentral heat,urban decentral resistive heater,True,,,
HR urban decentral resistive heater electricity-only,HR low voltage,HR electricity urban decentral heat,urban decentral resistive heater,True,,,
HR urban decentral water tanks charger,HR urban decentral heat,HR urban decentral water tanks,urban decentral water tanks charger,True,,,
HR urban decentral water tanks discharger,HR urban decentral water tanks,HR urban decentral heat,urban decentral water tanks discharger,True,,,
HU rural air heat pump,HU rural heat,HU low voltage,rural air heat pump,True,,,
HU rural air heat pump electricity-only,HU electricity rural heat,HU low voltage,rural air heat pump,True,,,
HU rural biomass boiler,HU solid biomass,HU rural heat,rural biomass boiler,True,,,
HU rural gas boiler,HU gas,HU rural heat,rural gas boiler,True,,,co2 atmosphere
HU rural gas boiler gas-only,HU gas,HU gas rural heat,rural gas boiler,True,,,co2 atmosphere
HU rural ground heat pump,HU rural heat,HU low voltage,rural ground heat pump,True,,,
HU rural ground heat pump electricity-only,HU electricity rural heat,HU low voltage,rural ground heat pump,True,,,
HU rural resistive heater,HU low voltage,HU rural heat,rural resistive heater,True,,,
HU rural resistive heater electricity-only,HU low voltage,HU electricity rural heat,rural resistive heater,True,,,
HU rural water tanks charger,HU rural heat,HU rural water tanks,rural water tanks charger,True,,,
HU rural water tanks discharger,HU rural water tanks,HU rural heat,rural water tanks discharger,True,,,
HU urban decentral DAC,HU,HU urban decentral heat,DAC,True,,HU co2 stored,co2 atmosphere
HU urban decentral air heat pump,HU urban decentral heat,HU low voltage,urban decentral air heat pump,True,,,
HU urban decentral air heat pump electricity-only,HU electricity urban decentral heat,HU low voltage,urban decentral air heat pump,True,,,
HU urban decentral biomass boiler,HU solid biomass,HU urban decentral heat,urban decentral biomass boiler,True,,,
HU urban decentral gas boiler,HU gas,HU urban decentral heat,urban decentral gas boiler,True,,,co2 atmosphere
HU urban decentral gas boiler gas-only,HU gas,HU gas urban decentral heat,urban decentral gas boiler,True,,,co2 atmosphere
HU urban decentral resistive heater,HU low voltage,HU urban decentral heat,urban decentral resistive heater,True,,,
HU urban decentral resistive heater electricity-only,HU low voltage,HU electricity urban decentral heat,urban decentral resistive heater,True,,,
HU urban decentral water tanks charger,HU urban decentral heat,HU urban decentral water tanks,urban decentral water tanks charger,True,,,
HU urban decentral water tanks discharger,HU urban decentral water tanks,HU urban decentral heat,urban decentral water tanks discharger,True,,,
IE rural air heat pump,IE rural heat,IE low voltage,rural air heat pump,True,,,
IE rural air heat pump electricity-only,IE electricity rural heat,IE low voltage,rural air heat pump,True,,,
IE rural biomass boiler,IE solid biomass,IE rural heat,rural biomass boiler,True,,,
IE rural gas boiler,IE gas,IE rural heat,rural gas boiler,True,,,co2 atmosphere
IE rural gas boiler gas-only,IE gas,IE gas rural heat,rural gas boiler,True,,,co2 atmosphere
IE rural ground heat pump,IE rural heat,IE low voltage,rural ground heat pump,True,,,
IE rural ground heat pump electricity-only,IE electricity rural heat,IE low voltage,rural ground heat pump,True,,,
IE rural resistive heater,IE low voltage,IE rural heat,rural resistive heater,True,,,
IE rural resistive heater electricity-only,IE low voltage,IE electricity rural heat,rural resistive heater,True,,,
IE rural water tanks charger,IE rural heat,IE rural water tanks,rural water tanks charger,True,,,
IE rural water tanks discharger,IE rural water tanks,IE rural heat,rural water tanks discharger,True,,,
IE urban decentral DAC,IE,IE urban decentral heat,DAC,True,,IE co2 stored,co2 atmosphere
IE urban decentral air heat pump,IE urban decentral heat,IE low voltage,urban decentral air heat pump,True,,,
IE urban decentral air heat pump electricity-only,IE electricity urban decentral heat,IE low voltage,urban decentral air heat pump,True,,,
IE urban decentral biomass boiler,IE solid biomass,IE urban decentral heat,urban decentral biomass boiler,True,,,
IE urban decentral gas boiler,IE gas,IE urban decentral heat,urban decentral gas boiler,True,,,co2 atmosphere
IE urban decentral gas boiler gas-only,IE gas,IE gas urban decentral heat,urban decentral gas boiler,True,,,co2 atmosphere
IE urban decentral resistive heater,IE low voltage,IE urban decentral heat,urban decentral resistive heater,True,,,
IE urban decentral resistive heater electricity-only,IE low voltage,IE electricity urban decentral heat,urban decentral resistive heater,True,,,
IE urban decentral water tanks charger,IE urban decentral heat,IE urban decentral water tanks,urban decentral water tanks charger,True,,,
IE urban decentral water tanks discharger,IE urban decentral water tanks,IE urban decentral heat,urban decentral water tanks discharger,True,,,
IT rural air heat pump,IT rural heat,IT low voltage,rural air heat pump,True,,,
IT rural air heat pump electricity-only,IT electricity rural heat,IT low voltage,rural air heat pump,True,,,
IT rural biomass boiler,IT solid biomass,IT rural heat,rural biomass boiler,True,,,
IT rural gas boiler,IT gas,IT rural heat,rural gas boiler,True,,,co2 atmosphere
IT rural gas boiler gas-only,IT gas,IT gas rural heat,rural gas boiler,True,,,co2 atmosphere
IT rural ground heat pump,IT rural heat,IT low voltage,rural ground heat pump,True,,,
IT rural ground heat pump electricity-only,IT electricity rural heat,IT low voltage,rural ground heat pump,True,,,
IT rural resistive heater,IT low voltage,IT rural heat,rural resistive heater,True,,,
IT rural resistive heater electricity-only,IT low voltage,IT electricity rural heat,rural resistive heater,True,,,
IT rural water tanks charger,IT rural heat,IT rural water tanks,rural water tanks charger,True,,,
IT rural water tanks discharger,IT rural water tanks,IT rural heat,rural water tanks discharger,True,,,
IT urban decentral DAC,IT,IT urban decentral heat,DAC,True,,IT co2 stored,co2 atmosphere
IT urban decentral air heat pump,IT urban decentral heat,IT low voltage,urban decentral air heat pump,True,,,
IT urban decentral air heat pump electricity-only,IT electricity urban decentral heat,IT low voltage,urban decentral air heat pump,True,,,
IT urban decentral biomass boiler,IT solid biomass,IT urban decentral heat,urban decentral biomass boiler,True,,,
IT urban decentral gas boiler,IT gas,IT urban decentral heat,urban decentral gas boiler,True,,,co2 atmosphere
IT urban decentral gas boiler gas-only,IT gas,IT gas urban decentral heat,urban decentral gas boiler,True,,,co2 atmosphere
IT urban decentral resistive heater,IT low voltage,IT urban decentral heat,urban decentral resistive heater,True,,,
IT urban decentral resistive heater electricity-only,IT low voltage,IT electricity urban decentral heat,urban decentral resistive heater,True,,,
IT urban decentral water tanks charger,IT urban decentral heat,IT urban decentral water tanks,urban decentral water tanks charger,True,,,
IT urban decentral water tanks discharger,IT urban decentral water tanks,IT urban decentral heat,urban decentral water tanks discharger,True,,,
LT rural air heat pump,LT rural heat,LT low voltage,rural air heat pump,True,,,
LT rural air heat pump electricity-only,LT electricity rural heat,LT low voltage,rural air heat pump,True,,,
LT rural biomass boiler,LT solid biomass,LT rural heat,rural biomass boiler,True,,,
LT rural gas boiler,LT gas,LT rural heat,rural gas boiler,True,,,co2 atmosphere
LT rural gas boiler gas-only,LT gas,LT gas rural heat,rural gas boiler,True,,,co2 atmosphere
LT rural ground heat pump,LT rural heat,LT low voltage,rural ground heat pump,True,,,
LT rural ground heat pump electricity-only,LT electricity rural heat,LT low voltage,rural ground heat pump,True,,,
LT rural resistive heater,LT low voltage,LT rural heat,rural resistive heater,True,,,
LT rural resistive heater electricity-only,LT low voltage,LT electricity rural heat,rural resistive heater,True,,,
LT rural water tanks charger,LT rural heat,LT rural water tanks,rural water tanks charger,True,,,
LT rural water tanks discharger,LT rural water tanks,LT rural heat,rural water tanks discharger,True,,,
LT urban decentral DAC,LT,LT urban decentral heat,DAC,True,,LT co2 stored,co2 atmosphere
LT urban decentral air heat pump,LT urban decentral heat,LT low voltage,urban decentral air heat pump,True,,,
LT urban decentral air heat pump electricity-only,LT electricity urban decentral heat,LT low voltage,urban decentral air heat pump,True,,,
LT urban decentral biomass boiler,LT solid biomass,LT urban decentral heat,urban decentral biomass boiler,True,,,
LT urban decentral gas boiler,LT gas,LT urban decentral heat,urban decentral gas boiler,True,,,co2 atmosphere
LT urban decentral gas boiler gas-only,LT gas,LT gas urban decentral heat,urban decentral gas boiler,True,,,co2 atmosphere
LT urban decentral resistive heater,LT low voltage,LT urban decentral heat,urban decentral resistive heater,True,,,
LT urban decentral resistive heater electricity-only,LT low voltage,LT electricity urban decentral heat,urban decentral resistive heater,True,,,
LT urban decentral water tanks charger,LT urban decentral heat,LT urban decentral water tanks,urban decentral water tanks charger,True,,,
LT urban decentral water tanks discharger,LT urban decentral water tanks,LT urban decentral heat,urban decentral water tanks discharger,True,,,
LU rural air heat pump,LU rural heat,LU low voltage,rural air heat pump,True,,,
LU rural air heat pump electricity-only,LU electricity rural heat,LU low voltage,rural air heat pump,True,,,
LU rural biomass boiler,LU solid biomass,LU rural heat,rural biomass boiler,True,,,
LU rural gas boiler,LU gas,LU rural heat,rural gas boiler,True,,,co2 atmosphere
LU rural gas boiler gas-only,LU gas,LU gas rural heat,rural gas boiler,True,,,co2 atmosphere
LU rural ground heat pump,LU rural heat,LU low voltage,rural ground heat pump,True,,,
LU rural ground heat pump electricity-only,LU electricity rural heat,LU low voltage,rural ground heat pump,True,,,
LU rural resistive heater,LU low voltage,LU rural heat,rural resistive heater,True,,,
LU rural resistive heater electricity-only,LU low voltage,LU electricity rural heat,rural resistive heater,True,,,
LU rural water tanks charger,LU rural heat,LU rural water tanks,rural water tanks charger,True,,,
LU rural water tanks discharger,LU rural water tanks,LU rural heat,rural water tanks discharger,True,,,
LU urban decentral DAC,LU,LU urban decentral heat,DAC,True,,LU co2 stored,co2 atmosphere
LU urban decentral air heat pump,LU urban decentral heat,LU low voltage,urban decentral air heat pump,True,,,
LU urban decentral air heat pump electricity-only,LU electricity urban decentral heat,LU low voltage,urban decentral air heat pump,True,,,
LU urban decentral biomass boiler,LU solid biomass,LU urban decentral heat,urban decentral biomass boiler,True,,,
LU urban decentral gas boiler,LU gas,LU urban decentral heat,urban decentral gas boiler,True,,,co2 atmosphere
LU urban decentral gas boiler gas-only,LU gas,LU gas urban decentral heat,urban decentral gas boiler,True,,,co2 atmosphere
LU urban decentral resistive heater,LU low voltage,LU urban decentral heat,urban decentral resistive heater,True,,,
LU urban decentral resistive heater electricity-only,LU low voltage,LU electricity urban decentral heat,urban decentral resistive heater,True,,,
LU urban decentral water tanks charger,LU urban decentral heat,LU urban decentral water tanks,urban decentral water tanks charger,True,,,
LU urban decentral water tanks discharger,LU urban decentral water tanks,LU urban decentral heat,urban decentral water tanks discharger,True,,,
LV rural air heat pump,LV rural heat,LV low voltage,rural air heat pump,True,,,
LV rural air heat pump electricity-only,LV electricity rural heat,LV low voltage,rural air heat pump,True,,,
LV rural biomass boiler,LV solid biomass,LV rural heat,rural biomass boiler,True,,,
LV rural gas boiler,LV gas,LV rural heat,rural gas boiler,True,,,co2 atmosphere
LV rural gas boiler gas-only,LV gas,LV gas rural heat,rural gas boiler,True,,,co2 atmosphere
LV rural ground heat pump,LV rural heat,LV low voltage,rural ground heat pump,True,,,
LV rural ground heat pump electricity-only,LV electricity rural heat,LV low voltage,rural ground heat pump,True,,,
LV rural resistive heater,LV low voltage,LV rural heat,rural resistive heater,True,,,
LV rural resistive heater electricity-only,LV low voltage,LV electricity rural heat,rural resistive heater,True,,,
LV rural water tanks charger,LV rural heat,LV rural water tanks,rural water tanks charger,True,,,
LV rural water tanks discharger,LV rural water tanks,LV rural heat,rural water tanks discharger,True,,,
LV urban decentral DAC,LV,LV urban decentral heat,DAC,True,,LV co2 stored,co2 atmosphere
LV urban decentral air heat pump,LV urban decentral heat,LV low voltage,urban decentral air heat pump,True,,,
LV urban decentral air heat pump electricity-only,LV electricity urban decentral heat,LV low voltage,urban decentral air heat pump,True,,,
LV urban decentral biomass boiler,LV solid biomass,LV urban decentral heat,urban decentral biomass boiler,True,,,
LV urban decentral gas boiler,LV gas,LV urban decentral heat,urban decentral gas boiler,True,,,co2 atmosphere
LV urban decentral gas boiler gas-only,LV gas,LV gas urban decentral heat,urban decentral gas boiler,True,,,co2 atmosphere
LV urban decentral resistive heater,LV low voltage,LV urban decentral heat,urban decentral resistive heater,True,,,
LV urban decentral resistive heater electricity-only,LV low voltage,LV electricity urban decentral heat,urban decentral resistive heater,True,,,
LV urban decentral water tanks charger,LV urban decentral heat,LV urban decentral water tanks,urban decentral water tanks charger,True,,,
LV urban decentral water tanks discharger,LV urban decentral water tanks,LV urban decentral heat,urban decentral water tanks discharger,True,,,
ME rural air heat pump,ME rural heat,ME low voltage,rural air heat pump,True,,,
ME rural air heat pump electricity-only,ME electricity rural heat,ME low voltage,rural air heat pump,True,,,
ME rural biomass boiler,ME solid biomass,ME rural heat,rural biomass boiler,True,,,
ME rural gas boiler,ME gas,ME rural heat,rural gas boiler,True,,,co2 atmosphere
ME rural gas boiler gas-only,ME gas,ME gas rural heat,rural gas boiler,True,,,co2 atmosphere
ME rural ground heat pump,ME rural heat,ME low voltage,rural ground heat pump,True,,,
ME rural ground heat pump electricity-only,ME electricity rural heat,ME low voltage,rural ground heat pump,True,,,
ME rural resistive heater,ME low voltage,ME rural heat,rural resistive heater,True,,,
ME rural resistive heater electricity-only,ME low voltage,ME electricity rural heat,rural resistive heater,True,,,
ME rural water tanks charger,ME rural heat,ME rural water tanks,rural water tanks charger,True,,,
ME rural water tanks discharger,ME rural water tanks,ME rural heat,rural water tanks discharger,True,,,
ME urban decentral DAC,ME,ME urban decentral heat,DAC,True,,ME co2 stored,co2 atmosphere
ME urban decentral air heat pump,ME urban decentral heat,ME low voltage,urban decentral air heat pump,True,,,
ME urban decentral air heat pump electricity-only,ME electricity urban decentral heat,ME low voltage,urban decentral air heat pump,True,,,
ME urban decentral biomass boiler,ME solid biomass,ME urban decentral heat,urban decentral biomass boiler,True,,,
ME urban decentral gas boiler,ME gas,ME urban decentral heat,urban decentral gas boiler,True,,,co2 atmosphere
ME urban decentral gas boiler gas-only,ME gas,ME gas urban decentral heat,urban decentral gas boiler,True,,,co2 atmosphere
ME urban decentral resistive heater,ME low voltage,ME urban decentral heat,urban decentral resistive heater,True,,,
ME urban decentral resistive heater electricity-only,ME low voltage,ME electricity urban decentral heat,urban decentral resistive heater,True,,,
ME urban decentral water tanks charger,ME urban decentral heat,ME urban decentral water tanks,urban decentral water tanks charger,True,,,
ME urban decentral water tanks discharger,ME urban decentral water tanks,ME urban decentral heat,urban decentral water tanks discharger,True,,,
MK rural air heat pump,MK rural heat,MK low voltage,rural air heat pump,True,,,
MK rural air heat pump electricity-only,MK electricity rural heat,MK low voltage,rural air heat pump,True,,,
MK rural biomass boiler,MK solid biomass,MK rural heat,rural biomass boiler,True,,,
MK rural gas boiler,MK gas,MK rural heat,rural gas boiler,True,,,co2 atmosphere
MK rural gas boiler gas-only,MK gas,MK gas rural heat,rural gas boiler,True,,,co2 atmosphere
MK rural ground heat pump,MK rural heat,MK low voltage,rural ground heat pump,True,,,
MK rural ground heat pump electricity-only,MK electricity rural heat,MK low voltage,rural ground heat pump,True,,,
MK rural resistive heater,MK low voltage,MK rural heat,rural resistive heater,True,,,
MK rural resistive heater electricity-only,MK low voltage,MK electricity rural heat,rural resistive heater,True,,,
MK rural water tanks charger,MK rural heat,MK rural water tanks,rural water tanks charger,True,,,
MK rural water tanks discharger,MK rural water tanks,MK rural heat,rural water tanks discharger,True,,,
MK urban decentral DAC,MK,MK urban decentral heat,DAC,True,,MK co2 stored,co2 atmosphere
MK urban decentral air heat pump,MK urban decentral heat,MK low voltage,urban decentral air heat pump,True,,,
MK urban decentral air heat pump electricity-only,MK electricity urban decentral heat,MK low voltage,urban decentral air heat pump,True,,,
MK urban decentral biomass boiler,MK solid biomass,MK urban decentral heat,urban decentral biomass boiler,True,,,
MK urban decentral gas boiler,MK gas,MK urban decentral heat,urban decentral gas boiler,True,,,co2 atmosphere
MK urban decentral gas boiler gas-only,MK gas,MK gas urban decentral heat,urban decentral gas boiler,True,,,co2 atmosphere
MK urban decentral resistive heater,MK low voltage,MK urban decentral heat,urban decentral resistive heater,True,,,
MK urban decentral resistive heater electricity-only,MK low voltage,MK electricity urban decentral heat,urban decentral resistive heater,True,,,
MK urban decentral water tanks charger,MK urban decentral heat,MK urban decentral water tanks,urban decentral water tanks charger,True,,,
MK urban decentral water tanks discharger,MK urban decentral water tanks,MK urban decentral heat,urban decentral water tanks discharger,True,,,
NL rural air heat pump,NL rural heat,NL low voltage,rural air heat pump,True,,,
NL rural air heat pump electricity-only,NL electricity rural heat,NL low voltage,rural air heat pump,True,,,
NL rural biomass boiler,NL solid biomass,NL rural heat,rural biomass boiler,True,,,
NL rural gas boiler,NL gas,NL rural heat,rural gas boiler,True,,,co2 atmosphere
NL rural gas boiler gas-only,NL gas,NL gas rural heat,rural gas boiler,True,,,co2 atmosphere
NL rural ground heat pump,NL rural heat,NL low voltage,rural ground heat pump,True,,,
NL rural ground heat pump electricity-only,NL electricity rural heat,NL low voltage,rural ground heat pump,True,,,
NL rural resistive heater,NL low voltage,NL rural heat,rural resistive heater,True,,,
NL rural resistive heater electricity-only,NL low voltage,NL electricity rural heat,rural resistive heater,True,,,
NL rural water tanks charger,NL rural heat,NL rural water tanks,rural water tanks charger,True,,,
NL rural water tanks discharger,NL rural water tanks,NL rural heat,rural water tanks discharger,True,,,
NL urban decentral DAC,NL,NL urban decentral heat,DAC,True,,NL co2 stored,co2 atmosphere
NL urban decentral air heat pump,NL urban decentral heat,NL low voltage,urban decentral air heat pump,True,,,
NL urban decentral air heat pump electricity-only,NL electricity urban decentral heat,NL low voltage,urban decentral air heat pump,True,,,
NL urban decentral biomass boiler,NL solid biomass,NL urban decentral heat,urban decentral biomass boiler,True,,,
NL urban decentral gas boiler,NL gas,NL urban decentral heat,urban decentral gas boiler,True,,,co2 atmosphere
NL urban decentral gas boiler gas-only,NL gas,NL gas urban decentral heat,urban decentral gas boiler,True,,,co2 atmosphere
NL urban decentral resistive heater,NL low voltage,NL urban decentral heat,urban decentral resistive heater,True,,,
NL urban decentral resistive heater electricity-only,NL low voltage,NL electricity urban decentral heat,urban decentral resistive heater,True,,,
NL urban decentral water tanks charger,NL urban decentral heat,NL urban decentral water tanks,urban decentral water tanks charger,True,,,
NL urban decentral water tanks discharger,NL urban decentral water tanks,NL urban decentral heat,urban decentral water tanks discharger,True,,,
NO rural air heat pump,NO rural heat,NO low voltage,rural air heat pump,True,,,
NO rural air heat pump electricity-only,NO electricity rural heat,NO low voltage,rural air heat pump,True,,,
NO rural biomass boiler,NO solid biomass,NO rural heat,rural biomass boiler,True,,,
NO rural gas boiler,NO gas,NO rural heat,rural gas boiler,True,,,co2 atmosphere
NO rural gas boiler gas-only,NO gas,NO gas rural heat,rural gas boiler,True,,,co2 atmosphere
NO rural ground heat pump,NO rural heat,NO low voltage,rural ground heat pump,True,,,
NO rural ground heat pump electricity-only,NO electricity rural heat,NO low voltage,rural ground heat pump,True,,,
NO rural resistive heater,NO low voltage,NO rural heat,rural resistive heater,True,,,
NO rural resistive heater electricity-only,NO low voltage,NO electricity rural heat,rural resistive heater,True,,,
NO rural water tanks charger,NO rural heat,NO rural water tanks,rural water tanks charger,True,,,
NO rural water tanks discharger,NO rural water tanks,NO rural heat,rural water tanks discharger,True,,,
NO urban decentral DAC,NO,NO urban decentral heat,DAC,True,,NO co2 stored,co2 atmosphere
NO urban decentral air heat pump,NO urban decentral heat,NO low voltage,urban decentral air heat pump,True,,,
NO urban decentral air heat pump electricity-only,NO electricity urban decentral heat,NO low voltage,urban decentral air heat pump,True,,,
NO urban decentral biomass boiler,NO solid biomass,NO urban decentral heat,urban decentral biomass boiler,True,,,
NO urban decentral gas boiler,NO gas,NO urban decentral heat,urban decentral gas boiler,True,,,co2 atmosphere
NO urban decentral gas boiler gas-only,NO gas,NO gas urban decentral heat,urban decentral gas boiler,True,,,co2 atmosphere
NO urban decentral resistive heater,NO low voltage,NO urban decentral heat,urban decentral resistive heater,True,,,
NO urban decentral resistive heater electricity-only,NO low voltage,NO electricity urban decentral heat,urban decentral resistive heater,True,,,
NO urban decentral water tanks charger,NO urban decentral heat,NO urban decentral water tanks,urban decentral water tanks charger,True,,,
NO urban decentral water tanks discharger,NO urban decentral water tanks,NO urban decentral heat,urban decentral water tanks discharger,True,,,
PL rural air heat pump,PL rural heat,PL low voltage,rural air heat pump,True,,,
PL rural air heat pump electricity-only,PL electricity rural heat,PL low voltage,rural air heat pump,True,,,
PL rural biomass boiler,PL solid biomass,PL rural heat,rural biomass boiler,True,,,
PL rural gas boiler,PL gas,PL rural heat,rural gas boiler,True,,,co2 atmosphere
PL rural gas boiler gas-only,PL gas,PL gas rural heat,rural gas boiler,True,,,co2 atmosphere
PL rural ground heat pump,PL rural heat,PL low voltage,rural ground heat pump,True,,,
PL rural ground heat pump electricity-only,PL electricity rural heat,PL low voltage,rural ground heat pump,True,,,
PL rural resistive heater,PL low voltage,PL rural heat,rural resistive heater,True,,,
PL rural resistive heater electricity-only,PL low voltage,PL electricity rural heat,rural resistive heater,True,,,
PL rural water tanks charger,PL rural heat,PL rural water tanks,rural water tanks charger,True,,,
PL rural water tanks discharger,PL rural water tanks,PL rural heat,rural water tanks discharger,True,,,
PL urban decentral DAC,PL,PL urban decentral heat,DAC,True,,PL co2 stored,co2 atmosphere
PL urban decentral air heat pump,PL urban decentral heat,PL low voltage,urban decentral air heat pump,True,,,
PL urban decentral air heat pump electricity-only,PL electricity urban decentral heat,PL low voltage,urban decentral air heat pump,True,,,
PL urban decentral biomass boiler,PL solid biomass,PL urban decentral heat,urban decentral biomass boiler,True,,,
PL urban decentral gas boiler,PL gas,PL urban decentral heat,urban decentral gas boiler,True,,,co2 atmosphere
PL urban decentral gas boiler gas-only,PL gas,PL gas urban decentral heat,urban decentral gas boiler,True,,,co2 atmosphere
PL urban decentral resistive heater,PL low voltage,PL urban decentral heat,urban decentral resistive heater,True,,,
PL urban decentral resistive heater electricity-only,PL low voltage,PL electricity urban decentral heat,urban decentral resistive heater,True,,,
PL urban decentral water tanks charger,PL urban decentral heat,PL urban decentral water tanks,urban decentral water tanks charger,True,,,
PL urban decentral water tanks discharger,PL urban decentral water tanks,PL urban decentral heat,urban decentral water tanks discharger,True,,,
PT rural air heat pump,PT rural heat,PT low voltage,rural air heat pump,True,,,
PT rural air heat pump electricity-only,PT electricity rural heat,PT low voltage,rural air heat pump,True,,,
PT rural biomass boiler,PT solid biomass,PT rural heat,rural biomass boiler,True,,,
PT rural gas boiler,PT gas,PT rural heat,rural gas boiler,True,,,co2 atmosphere
PT rural gas boiler gas-only,PT gas,PT gas rural heat,rural gas boiler,True,,,co2 atmosphere
PT rural ground heat pump,PT rural heat,PT low voltage,rural ground heat pump,True,,,
PT rural ground heat pump electricity-only,PT electricity rural heat,PT low voltage,rural ground heat pump,True,,,
PT rural resistive heater,PT low voltage,PT rural heat,rural resistive heater,True,,,
PT rural resistive heater electricity-only,PT low voltage,PT electricity rural heat,rural resistive heater,True,,,
PT rural water tanks charger,PT rural heat,PT rural water tanks,rural water tanks charger,True,,,
PT rural water tanks discharger,PT rural water tanks,PT rural heat,rural water tanks discharger,True,,,
PT urban decentral DAC,PT,PT urban decentral heat,DAC,True,,PT co2 stored,co2 atmosphere
PT urban decentral air heat pump,PT urban decentral heat,PT low voltage,urban decentral air heat pump,True,,,
PT urban decentral air heat pump electricity-only,PT electricity urban decentral heat,PT low voltage,urban decentral air heat pump,True,,,
PT urban decentral biomass boiler,PT solid biomass,PT urban decentral heat,urban decentral biomass boiler,True,,,
PT urban decentral gas boiler,PT gas,PT urban decentral heat,urban decentral gas boiler,True,,,co2 atmosphere
PT urban decentral gas boiler gas-only,PT gas,PT gas urban decentral heat,urban decentral gas boiler,True,,,co2 atmosphere
PT urban decentral resistive heater,PT low voltage,PT urban decentral heat,urban decentral resistive heater,True,,,
PT urban decentral resistive heater electricity-only,PT low voltage,PT electricity urban decentral heat,urban decentral resistive heater,True,,,
PT urban decentral water tanks charger,PT urban decentral heat,PT urban decentral water tanks,urban decentral water tanks charger,True,,,
PT urban decentral water tanks discharger,PT urban decentral water tanks,PT urban decentral heat,urban decentral water tanks discharger,True,,,
RO rural air heat pump,RO rural heat,RO low voltage,rural air heat pump,True,,,
RO rural air heat pump electricity-only,RO electricity rural heat,RO low voltage,rural air heat pump,True,,,
RO rural biomass boiler,RO solid biomass,RO rural heat,rural biomass boiler,True,,,
RO rural gas boiler,RO gas,RO rural heat,rural gas boiler,True,,,co2 atmosphere
RO rural gas boiler gas-only,RO gas,RO gas rural heat,rural gas boiler,True,,,co2 atmosphere
RO rural ground heat pump,RO rural heat,RO low voltage,rural ground heat pump,True,,,
RO rural ground heat pump electricity-only,RO electricity rural heat,RO low voltage,rural ground heat pump,True,,,
RO rural resistive heater,RO low voltage,RO rural heat,rural resistive heater,True,,,
RO rural resistive heater electricity-only,RO low voltage,RO electricity rural heat,rural resistive heater,True,,,
RO rural water tanks charger,RO rural heat,RO rural water tanks,rural water tanks charger,True,,,
RO rural water tanks discharger,RO rural water tanks,RO rural heat,rural water tanks discharger,True,,,
RO urban decentral DAC,RO,RO urban decentral heat,DAC,True,,RO co2 stored,co2 atmosphere
RO urban decentral air heat pump,RO urban decentral heat,RO low voltage,urban decentral air heat pump,True,,,
RO urban decentral air heat pump electricity-only,RO electricity urban decentral heat,RO low voltage,urban decentral air heat pump,True,,,
RO urban decentral biomass boiler,RO solid biomass,RO urban decentral heat,urban decentral biomass boiler,True,,,
RO urban decentral gas boiler,RO gas,RO urban decentral heat,urban decentral gas boiler,True,,,co2 atmosphere
RO urban decentral gas boiler gas-only,RO gas,RO gas urban decentral heat,urban decentral gas boiler,True,,,co2 atmosphere
RO urban decentral resistive heater,RO low voltage,RO urban decentral heat,urban decentral resistive heater,True,,,
RO urban decentral resistive heater electricity-only,RO low voltage,RO electricity urban decentral heat,urban decentral resistive heater,True,,,
RO urban decentral water tanks charger,RO urban decentral heat,RO urban decentral water tanks,urban decentral water tanks charger,True,,,
RO urban decentral water tanks discharger,RO urban decentral water tanks,RO urban decentral heat,urban decentral water tanks discharger,True,,,
RS rural air heat pump,RS rural heat,RS low voltage,rural air heat pump,True,,,
RS rural air heat pump electricity-only,RS electricity rural heat,RS low voltage,rural air heat pump,True,,,
RS rural biomass boiler,RS solid biomass,RS rural heat,rural biomass boiler,True,,,
RS rural gas boiler,RS gas,RS rural heat,rural gas boiler,True,,,co2 atmosphere
RS rural gas boiler gas-only,RS gas,RS gas rural heat,rural gas boiler,True,,,co2 atmosphere
RS rural ground heat pump,RS rural heat,RS low voltage,rural ground heat pump,True,,,
RS rural ground heat pump electricity-only,RS electricity rural heat,RS low voltage,rural ground heat pump,True,,,
RS rural resistive heater,RS low voltage,RS rural heat,rural resistive heater,True,,,
RS rural resistive heater electricity-only,RS low voltage,RS electricity rural heat,rural resistive heater,True,,,
RS rural water tanks charger,RS rural heat,RS rural water tanks,rural water tanks charger,True,,,
RS rural water tanks discharger,RS rural water tanks,RS rural heat,rural water tanks discharger,True,,,
RS urban decentral DAC,RS,RS urban decentral heat,DAC,True,,RS co2 stored,co2 atmosphere
RS urban decentral air heat pump,RS urban decentral heat,RS low voltage,urban decentral air heat pump,True,,,
RS urban decentral air heat pump electricity-only,RS electricity urban decentral heat,RS low voltage,urban decentral air heat pump,True,,,
RS urban decentral biomass boiler,RS solid biomass,RS urban decentral heat,urban decentral biomass boiler,True,,,
RS urban decentral gas boiler,RS gas,RS urban decentral heat,urban decentral gas boiler,True,,,co2 atmosphere
RS urban decentral gas boiler gas-only,RS gas,RS gas urban decentral heat,urban decentral gas boiler,True,,,co2 atmosphere
RS urban decentral resistive heater,RS low voltage,RS urban decentral heat,urban decentral resistive heater,True,,,
RS urban decentral resistive heater electricity-only,RS low voltage,RS electricity urban decentral heat,urban decentral resistive heater,True,,,
RS urban decentral water tanks charger,RS urban decentral heat,RS urban decentral water tanks,urban decentral water tanks charger,True,,,
RS urban decentral water tanks discharger,RS urban decentral water tanks,RS urban decentral heat,urban decentral water tanks discharger,True,,,
SE rural air heat pump,SE rural heat,SE low voltage,rural air heat pump,True,,,
SE rural air heat pump electricity-only,SE electricity rural heat,SE low voltage,rural air heat pump,True,,,
SE rural biomass boiler,SE solid biomass,SE rural heat,rural biomass boiler,True,,,
SE rural gas boiler,SE gas,SE rural heat,rural gas boiler,True,,,co2 atmosphere
SE rural gas boiler gas-only,SE gas,SE gas rural heat,rural gas boiler,True,,,co2 atmosphere
SE rural ground heat pump,SE rural heat,SE low voltage,rural ground heat pump,True,,,
SE rural ground heat pump electricity-only,SE electricity rural heat,SE low voltage,rural ground heat pump,True,,,
SE rural resistive heater,SE low voltage,SE rural heat,rural resistive heater,True,,,
SE rural resistive heater electricity-only,SE low voltage,SE electricity rural heat,rural resistive heater,True,,,
SE rural water tanks charger,SE rural heat,SE rural water tanks,rural water tanks charger,True,,,
SE rural water tanks discharger,SE rural water tanks,SE rural heat,rural water tanks discharger,True,,,
SE urban decentral DAC,SE,SE urban decentral heat,DAC,True,,SE co2 stored,co2 atmosphere
SE urban decentral air heat pump,SE urban decentral heat,SE low voltage,urban decentral air heat pump,True,,,
SE urban decentral air heat pump electricity-only,SE electricity urban decentral heat,SE low voltage,urban decentral air heat pump,True,,,
SE urban decentral biomass boiler,SE solid biomass,SE urban decentral heat,urban decentral biomass boiler,True,,,
SE urban decentral gas boiler,SE gas,SE urban decentral heat,urban decentral gas boiler,True,,,co2 atmosphere
SE urban decentral gas boiler gas-only,SE gas,SE gas urban decentral heat,urban decentral gas boiler,True,,,co2 atmosphere
SE urban decentral resistive heater,SE low voltage,SE urban decentral heat,urban decentral resistive heater,True,,,
SE urban decentral resistive heater electricity-only,SE low voltage,SE electricity urban decentral heat,urban decentral resistive heater,True,,,
SE urban decentral water tanks charger,SE urban decentral heat,SE urban decentral water tanks,urban decentral water tanks charger,True,,,
SE urban decentral water tanks discharger,SE urban decentral water tanks,SE urban decentral heat,urban decentral water tanks discharger,True,,,
SI rural air heat pump,SI rural heat,SI low voltage,rural air heat pump,True,,,
SI rural air heat pump electricity-only,SI electricity rural heat,SI low voltage,rural air heat pump,True,,,
SI rural biomass boiler,SI solid biomass,SI rural heat,rural biomass boiler,True,,,
SI rural gas boiler,SI gas,SI rural heat,rural gas boiler,True,,,co2 atmosphere
SI rural gas boiler gas-only,SI gas,SI gas rural heat,rural gas boiler,True,,,co2 atmosphere
SI rural ground heat pump,SI rural heat,SI low voltage,rural ground heat pump,True,,,
SI rural ground heat pump electricity-only,SI electricity rural heat,SI low voltage,rural ground heat pump,True,,,
SI rural resistive heater,SI low voltage,SI rural heat,rural resistive heater,True,,,
SI rural resistive heater electricity-only,SI low voltage,SI electricity rural heat,rural resistive heater,True,,,
SI rural water tanks charger,SI rural heat,SI rural water tanks,rural water tanks charger,True,,,
SI rural water tanks discharger,SI rural water tanks,SI rural heat,rural water tanks discharger,True,,,
SI urban decentral DAC,SI,SI urban decentral heat,DAC,True,,SI co2 stored,co2 atmosphere
SI urban decentral air heat pump,SI urban decentral heat,SI low voltage,urban decentral air heat pump,True,,,
SI urban decentral air heat pump electricity-only,SI electricity urban decentral heat,SI low voltage,urban decentral air heat pump,True,,,
SI urban decentral biomass boiler,SI solid biomass,SI urban decentral heat,urban decentral biomass boiler,True,,,
SI urban decentral gas boiler,SI gas,SI urban decentral heat,urban decentral gas boiler,True,,,co2 atmosphere
SI urban decentral gas boiler gas-only,SI gas,SI gas urban decentral heat,urban decentral gas boiler,True,,,co2 atmosphere
SI urban decentral resistive heater,SI low voltage,SI urban decentral heat,urban decentral resistive heater,True,,,
SI urban decentral resistive heater electricity-only,SI low voltage,SI electricity urban decentral heat,urban decentral resistive heater,True,,,
SI urban decentral water tanks charger,SI urban decentral heat,SI urban decentral water tanks,urban decentral water tanks charger,True,,,
SI urban decentral water tanks discharger,SI urban decentral water tanks,SI urban decentral heat,urban decentral water tanks discharger,True,,,
SK rural air heat pump,SK rural heat,SK low voltage,rural air heat pump,True,,,
SK rural air heat pump electricity-only,SK electricity rural heat,SK low voltage,rural air heat pump,True,,,
SK rural biomass boiler,SK solid biomass,SK rural heat,rural biomass boiler,True,,,
SK rural gas boiler,SK gas,SK rural heat,rural gas boiler,True,,,co2 atmosphere
SK rural gas boiler gas-only,SK gas,SK gas rural heat,rural gas boiler,True,,,co2 atmosphere
SK rural ground heat pump,SK rural heat,SK low voltage,rural ground heat pump,True,,,
SK rural ground heat pump electricity-only,SK electricity rural heat,SK low voltage,rural ground heat pump,True,,,
SK rural resistive heater,SK low voltage,SK rural heat,rural resistive heater,True,,,
SK rural resistive heater electricity-only,SK low voltage,SK electricity rural heat,rural resistive heater,True,,,
SK rural water tanks charger,SK rural heat,SK rural water tanks,rural water tanks charger,True,,,
SK rural water tanks discharger,SK rural water tanks,SK rural heat,rural water tanks discharger,True,,,
SK urban decentral DAC,SK,SK urban decentral heat,DAC,True,,SK co2 stored,co2 atmosphere
SK urban decentral air heat pump,SK urban decentral heat,SK low voltage,urban decentral air heat pump,True,,,
SK urban decentral air heat pump electricity-only,SK electricity urban decentral heat,SK low voltage,urban decentral air heat pump,True,,,
SK urban decentral biomass boiler,SK solid biomass,SK urban decentral heat,urban decentral biomass boiler,True,,,
SK urban decentral gas boiler,SK gas,SK urban decentral heat,urban decentral gas boiler,True,,,co2 atmosphere
SK urban decentral gas boiler gas-only,SK gas,SK gas urban decentral heat,urban decentral gas boiler,True,,,co2 atmosphere
SK urban decentral resistive heater,SK low voltage,SK urban decentral heat,urban decentral resistive heater,True,,,
SK urban decentral resistive heater electricity-only,SK low voltage,SK electricity urban decentral heat,urban decentral resistive heater,True,,,
SK urban decentral water tanks charger,SK urban decentral heat,SK urban decentral water tanks,urban decentral water tanks charger,True,,,
SK urban decentral water tanks discharger,SK urban decentral water tanks,SK urban decentral heat,urban decentral water tanks discharger,True,,,
XK rural air heat pump,XK rural heat,XK low voltage,rural air heat pump,True,,,
XK rural air heat pump electricity-only,XK electricity rural heat,XK low voltage,rural air heat pump,True,,,
XK rural biomass boiler,XK solid biomass,XK rural heat,rural biomass boiler,True,,,
XK rural gas boiler,XK gas,XK rural heat,rural gas boiler,True,,,co2 atmosphere
XK rural gas boiler gas-only,XK gas,XK gas rural heat,rural gas boiler,True,,,co2 atmosphere
XK rural ground heat pump,XK rural heat,XK low voltage,rural ground heat pump,True,,,
XK rural ground heat pump electricity-only,XK electricity rural heat,XK low voltage,rural ground heat pump,True,,,
XK rural resistive heater,XK low voltage,XK rural heat,rural resistive heater,True,,,
XK rural resistive heater electricity-only,XK low voltage,XK electricity rural heat,rural resistive heater,True,,,
XK rural water tanks charger,XK rural heat,XK rural water tanks,rural water tanks charger,True,,,
XK rural water tanks discharger,XK rural water tanks,XK rural heat,rural water tanks discharger,True,,,
XK urban decentral DAC,XK,XK urban decentral heat,DAC,True,,XK co2 stored,co2 atmosphere
XK urban decentral air heat pump,XK urban decentral heat,XK low voltage,urban decentral air heat pump,True,,,
XK urban decentral air heat pump electricity-only,XK electricity urban decentral heat,XK low voltage,urban decentral air heat pump,True,,,
XK urban decentral biomass boiler,XK solid biomass,XK urban decentral heat,urban decentral biomass boiler,True,,,
XK urban decentral gas boiler,XK gas,XK urban decentral heat,urban decentral gas boiler,True,,,co2 atmosphere
XK urban decentral gas boiler gas-only,XK gas,XK gas urban decentral heat,urban decentral gas boiler,True,,,co2 atmosphere
XK urban decentral resistive heater,XK low voltage,XK urban decentral heat,urban decentral resistive heater,True,,,
XK urban decentral resistive heater electricity-only,XK low voltage,XK electricity urban decentral heat,urban decentral resistive heater,True,,,
XK urban decentral water tanks charger,XK urban decentral heat,XK urban decentral water tanks,urban decentral water tanks charger,True,,,
XK urban decentral water tanks discharger,XK urban decentral water tanks,XK urban decentral heat,urban decentral water tanks discharger,True,,,
